Wavelength (nm),BLANK,ELA_FISH905,ELA_FISH923,ELA_FISH110,ELA_FISH104,ELA_FISH937,ELA_FISH121,ELA_PREFILTER1,ELA_FISH915
800.0131836,-3.64E-05,0.000978971,0.000369731,0.000211307,0.000226199,0.000959669,0.000547756,-0.000231307,-0.000154356
799.0401611,0.000672131,0.001548045,0.000937332,0.000804011,0.000907967,0.001358444,0.001010287,0.000471484,0.001222891
798.0667114,0.000827534,0.000961407,0.000838116,0.000737496,0.000602033,0.001012622,0.000500587,0.000370379,0.000597782
796.9537964,0.000669046,0.001274941,0.000645921,0.001050505,0.000815526,0.001324065,0.000869629,0.000592572,0.00104996
795.9795532,0.000896372,0.001052529,0.000257823,0.000551177,0.000909653,0.001321208,0.000554443,0.000134084,0.000303049
795.0049438,6.57E-05,0.000530339,0.000546253,-5.50E-05,0.000452438,0.000437486,0.00027339,2.31E-05,0.000162128
794.0299683,0.000576397,0.000757722,0.00036284,0.000549622,0.000261708,0.000824007,0.000862522,0.000230602,0.000403206
793.0546265,0.000244924,0.000906748,0.000547263,0.001006291,0.000564007,0.00079216,0.000578756,3.24E-05,0.000251063
791.9394531,0.000618494,0.000681568,0.000706018,0.000586791,0.000624871,0.000856583,0.000711618,0.000153427,0.000319758
790.9633179,0.00017821,0.000700936,0.000379214,-0.000250193,0.000158425,0.000737003,-0.000363442,1.93E-05,0.000278493
789.9867554,0.000266086,0.000920678,0.000779453,9.72E-05,0.000859565,0.001141932,0.000287222,0.000178261,0.000629304
789.0098877,0.000716467,0.001323234,0.000475267,0.000542728,0.000808264,0.001253004,0.000411912,0.000323022,0.000713822
788.0325928,0.000697125,0.000573442,0.000711644,0.000330223,0.000290486,0.001207186,0.00033341,0.00012629,0.00053446
787.0549927,0.000629744,0.001174117,0.000550814,0.000407351,0.000626608,0.001091558,0.000709622,3.73E-05,0.000885789
785.9371948,0.000899173,0.000776263,0.000323384,0.000489832,0.000719786,0.001010391,0.00079605,9.09E-05,0.000569036
784.9587402,0.000228063,0.000704644,0.0009681,0.000352814,0.000545812,0.00087531,0.000531324,0.000169793,0.000511264
783.9799194,0.000297065,0.000847219,0.000526348,0.000352555,0.000475164,0.000573675,0.000412197,-0.000333076,0.000294708
783.0007324,0.000501208,0.000764879,2.89E-05,0.000387867,0.000324576,0.00115016,0.000264014,0.000154385,0.000547056
782.0212402,0.000341415,0.00119252,0.000143018,0.000712837,0.000751187,0.000535782,0.000185487,0.000297169,-1.36E-05
781.0412598,0.000163009,0.000567273,0.000288802,0.000253808,0.000570876,0.000413492,0.000250519,-0.000367425,-7.04E-05
780.0609741,0.00064268,0.0005793,0.000660283,0.000317348,0.000903427,0.001128929,0.000816071,-0.000164655,0.00037981
778.9402466,0.000368151,0.000674361,0.000264428,2.33E-07,0.000144778,0.000603018,0.000439222,-0.000186805,0.000286186
777.9591675,0.000455858,0.00069391,-0.000209677,-0.000398823,0.000459201,0.000460937,5.63E-05,-0.000121543,7.69E-05
776.9777222,0.000773877,0.000873234,0.00067742,0.000146721,0.000944466,0.000878189,0.000541976,0.000462155,0.00086592
775.9958496,5.13E-06,0.000799758,0.000373928,0.000184658,0.000675631,0.000352166,0.000125021,5.99E-05,-1.60E-05
775.0136719,0.000587232,0.00068372,4.82E-05,0.000340456,0.000320742,0.000406807,7.40E-05,0.000192893,0.00019323
774.0311279,-2.70E-05,0.000689243,0.000549363,-4.47E-05,0.000762467,0.000695076,0.000564474,0.000152702,5.68E-05
773.0482178,6.22E-05,0.000659117,4.76E-05,-0.000206469,0.00029375,0.000650224,6.97E-05,0.000176164,0.000185124
772.0649414,-0.000240983,0.000119014,0.000196467,-0.000364839,-8.42E-05,0.000363151,-6.21E-05,-0.000489073,-0.000357959
770.9407959,0.000311831,5.37E-05,-3.84E-05,-0.000436632,0.000222599,0.000263211,0.000347218,-0.000308969,-7.35E-05
769.9567261,0.000279166,0.000416213,0.000375431,-0.000190789,0.000171839,0.000521423,0.000358695,-6.41E-05,0.000150864
768.97229,0.000584406,0.000576319,0.000198953,-4.66E-07,0.000564759,0.000456247,0.000104255,-0.000227789,5.54E-05
767.9875488,0.000505018,0.000735629,0.000413207,-0.000143954,0.000430801,0.000772503,0.000196234,-0.00020176,0.000108761
767.0023804,0.000533656,0.000988752,0.000776081,0.000228581,0.000764827,0.000966622,0.000297299,0.00018313,0.000609991
766.0168457,-7.40E-05,0.000480062,-0.000132671,-0.000510999,0.000141179,0.000458268,-6.84E-05,-9.62E-05,-3.36E-05
765.0310059,0.000271914,0.000437797,0.000141904,-0.000234826,9.96E-05,0.000105187,-9.30E-05,-0.000451941,6.94E-05
764.0447998,0.000176034,0.000326804,1.81E-06,-0.000570669,-0.000142298,0.000113551,-0.000167398,-0.00023674,2.93E-06
763.0581665,0.000213405,0.000318877,0.000292273,5.85E-06,4.90E-05,9.54E-05,3.68E-05,0.000143018,-0.000404875
761.9302368,0.000117279,0.000351285,0.000249638,-0.000100581,-0.000125891,0.000435828,9.58E-05,-0.000334266,-0.000306744
760.9428711,0.000679028,0.000312504,4.88E-05,-0.000459181,1.73E-05,0.0005031,0.00061108,-0.000510844,-0.000142298
759.9551392,0.000363177,0.000157519,8.40E-05,-0.000384185,0.00021975,0.000511445,-1.28E-05,-0.00059497,-0.000277616
758.967041,-0.000101875,5.87E-05,-0.000323816,-0.000607378,-0.000186649,4.92E-05,-0.000282376,-0.000693656,-0.000215266
757.9785767,0.00038836,0.000549026,-6.50E-05,4.11E-05,-0.000197672,0.000187895,0.000192608,6.50E-05,6.14E-05
756.9898071,0.000405641,0.000561286,-4.35E-05,-0.00027715,0.000105136,0.000484001,-0.000424064,-9.03E-05,-0.000180491
756.0006714,0.000576112,0.000323799,-0.000158134,-0.000488918,-9.73E-05,7.82E-05,-0.000390082,-0.000445321,-0.000226391
755.0111694,0.000569528,0.000384551,-0.000306227,-6.48E-05,0.000130071,0.000256088,2.60E-05,3.47E-06,-8.87E-05
754.0213013,0.000646569,0.000431164,0.000397298,0.000193593,0.000280254,0.000348772,0.000296444,-0.000191307,-5.16E-05
753.0310669,0.000439585,3.13E-05,-0.000470507,-0.000528167,-0.000497812,-0.000199587,-0.000504018,-0.000762914,-0.000345647
752.0404663,0.000331467,7.13E-05,-5.53E-05,-0.000312124,-0.000353045,0.000189656,-0.000284704,-0.000290499,-0.000337991
751.0495605,0.000483146,0.000480165,-0.000234981,-0.000159842,-8.86E-05,0.000538918,-0.000223028,-0.000417547,-3.24E-05
750.0582275,0.000483767,0.000453215,-9.86E-05,-0.000308244,0.000133489,9.57E-05,-6.21E-06,-0.000332094,-7.12E-05
749.0665894,0.000227856,0.000167074,-0.000398823,-0.000580545,-0.000297069,-5.24E-05,-0.000474851,-0.000843994,-0.00051043
747.9328613,0.000298982,0.000314344,-0.000246106,-0.000424633,-1.10E-05,0.000180592,0.000174092,-0.000318384,-1.72E-05
746.9404907,-1.80E-05,-0.000140124,-0.000350148,-0.000711695,-0.000444287,-5.90E-05,-0.000741982,-0.000785756,-0.000439321
745.9477539,0.000347192,0.000285305,-0.000135984,-0.00046456,-0.000474024,0.000131495,-8.61E-05,-0.000206728,-0.000317246
744.9545898,0.000151925,3.41E-05,-0.000198552,-0.000588765,-0.000198293,-6.01E-05,-0.000116316,-0.000385219,-0.000219975
743.9611816,0.000335353,-0.00015622,-0.000188512,-0.000661917,-0.000345906,5.18E-05,-0.00028191,-0.000612134,-0.000528994
742.9673462,0.000324783,-7.77E-05,-0.000516894,-0.000802758,-0.000254747,0.000103401,-0.00030276,-0.000627954,-0.000488504
741.9732056,0.000403283,0.000263858,-0.000268665,-0.00042396,-0.000102238,0.000155654,-0.000279789,-0.000242898,-0.000333025
740.9786987,0.00017909,-6.36E-05,-0.000807254,-0.000823997,-0.000477334,-0.00012144,-0.000540008,-0.000642739,-0.000801673
739.9838257,0.000508491,8.71E-05,-0.000113107,-0.000331162,-4.56E-05,0.000252591,-0.000182665,-0.000373012,-0.000340578
738.9886475,0.000119558,-0.00017071,-0.000285532,-0.000326093,-0.000139917,0.000162128,-0.000322109,-0.000407151,-0.000315073
737.993042,0.000347477,4.50E-06,-0.000145248,-0.000639792,-0.000236016,0.000108605,-9.91E-05,-0.000447855,-0.000116419
736.9971924,0.00030595,-0.000167243,-0.000280565,-0.000554796,-0.000312073,-7.09E-06,-0.000154926,-0.000656903,-0.000438339
736.0009155,0.000406004,1.44E-05,4.22E-05,-0.000466939,-7.04E-05,0.000234746,0.00012919,-0.000482815,-0.000216767
735.0043335,0.000453785,0.000186238,-0.00018106,-0.000246106,-8.07E-05,0.000258859,-0.000197155,-0.000236326,-6.65E-05
734.0073853,0.000505847,0.00034657,0.000101278,-0.000195343,0.000129553,0.000173186,0.000105446,-0.000279737,-1.85E-05
733.0100708,-0.000109225,-5.08E-05,-0.000355528,-0.000685437,-0.000187219,-0.0001129,-0.000423288,-0.000624593,-0.000482298
732.0124512,4.98E-05,0.000112127,-0.000216612,-0.000383926,-3.94E-05,-0.000137122,-0.000167346,-0.000457423,-0.000264474
731.0144653,0.000553069,0.00051129,6.34E-05,-0.000282531,0.000114561,0.000337425,-5.64E-05,-0.000161912,-3.34E-05
730.0161133,-2.66E-05,4.48E-05,-0.00018194,-0.000432546,-0.000341612,4.36E-05,-0.000580338,-0.000674685,-0.000532924
729.0174561,0.000280591,0.000125384,-0.000165483,-0.000304157,8.34E-05,0.000192634,-0.000124442,-0.000252988,-4.83E-05
728.0184326,0.00037696,0.000372296,4.87E-05,-0.000233222,0.000255207,0.000389888,0.000104618,-0.000138157,0.000148663
727.019043,0.000261967,0.000381649,0.000155007,-4.37E-05,0.000237465,0.000389474,0.000371467,-0.000163154,9.44E-05
726.0193481,8.58E-05,0.0003002,-0.000171797,-0.000161447,9.50E-05,0.000148973,3.71E-05,-0.000199742,-0.000111658
725.0192871,0.00043645,0.000346674,-6.11E-05,-8.67E-05,7.62E-05,0.000125772,0.000142577,-0.000189703,8.11E-05
724.0189209,0.000344394,0.000447203,-8.26E-05,-0.000205796,6.84E-05,0.000372374,4.58E-06,-0.000333387,-5.10E-05
723.0181885,0.000276732,0.000342658,0.000403957,-0.000123044,0.0001801,0.000389655,0.000256942,-0.00019198,-8.70E-05
722.0170898,0.000230628,0.000318644,0.00022853,-0.000144834,0.000157312,0.000514452,0.000167333,-9.59E-05,0.000170078
721.015686,0.000237646,0.000407429,0.000342762,-8.02E-05,0.00030665,0.000548611,0.000209882,-4.30E-05,9.11E-05
720.013916,0.000164744,0.000456325,0.000141878,8.78E-06,0.000227027,0.000396961,0.000302505,4.98E-05,8.95E-05
719.0118408,0.000386442,0.000357892,0.000226717,-3.94E-05,0.000332788,0.000584432,0.000322581,2.54E-06,0.000176319
718.0093994,2.87E-05,0.000327115,0.000170389,-8.07E-05,0.000244173,0.000401677,-5.64E-06,-3.84E-05,-0.000194878
717.0066528,0.000294268,0.000351544,0.000298076,0.000292765,0.000303308,0.000518287,0.000214674,6.97E-05,0.000195302
716.00354,0.00014395,0.000293206,0.000165417,0.000285357,0.000295123,0.00035784,0.000223635,6.10E-05,5.52E-05
715.000061,8.43E-05,0.000567273,0.000271836,0.000339783,0.00025961,0.00055224,0.000419089,0.0001302,5.39E-05
713.9962769,0.000157104,0.000549985,0.000238087,0.000518365,0.000270903,0.000481928,0.000472702,-5.59E-05,0.000274245
712.9921875,0.000218455,0.000283,0.000316442,0.000678042,9.75E-05,0.000455754,0.000514555,-2.57E-05,0.000120594
711.9876709,0.000434895,0.00074766,0.000284373,0.00074862,0.000404527,0.000674387,0.000418571,7.25E-05,0.000253109
710.9829102,0.000271862,0.000600892,0.000271188,0.000443394,0.00014048,0.000529639,0.000411212,-0.000112641,0.000233477
709.9777832,0.000491024,0.000711359,0.000507947,0.000659194,0.000367037,0.000699769,0.000642654,3.37E-05,0.000259869
708.97229,0.000374058,0.000540343,0.000228866,0.000743071,0.000423079,0.000521397,0.000483327,-2.00E-05,0.000160186
707.9664917,0.000273986,0.000730132,0.000399786,0.000739804,0.000335508,0.000730858,0.000705655,0.000146099,0.000203874
706.9603271,0.000184658,0.000841228,0.000329161,0.00064421,0.000364291,0.000723727,0.000398672,0.000181758,0.000270826
705.9538574,0.000230602,0.000721238,0.000284425,0.000772114,0.000491127,0.000780957,0.000433081,-1.83E-05,7.55E-05
704.9470825,1.34E-05,0.00054024,0.000152366,0.000434947,5.20E-05,0.000543713,0.000279115,-0.000159532,0.000112593
703.9399414,0.000342114,0.000785443,0.000286082,0.000549441,0.000180722,0.000908226,0.000240133,-0.000248382,0.00023516
702.9324951,0.000319499,0.00053827,0.000321985,0.000217005,0.000215554,0.000731791,0.000227027,-7.53E-05,0.000200689
702.0686646,0.00025329,0.00075015,0.000233373,0.000283725,0.000313825,0.000849216,0.000322504,9.44E-05,0.000120179
701.0606079,0.000366208,0.000781916,0.000400667,0.000218481,0.000177096,0.00076366,0.00029849,-1.85E-05,0.0002248
700.0521851,0.000215969,0.000926333,0.000330431,0.00011702,0.000210219,0.000726424,0.000369446,0.000108217,0.000310613
699.043396,0.000469255,0.000918343,0.000349938,0.000226561,0.000340508,0.000987688,0.000454329,0.000177821,0.0004528
698.0343628,0.000329653,0.000964105,0.000279115,9.09E-05,0.000187533,0.000626219,0.000322685,2.56E-06,0.000168758
697.0249023,0.000143846,0.000877177,0.000508128,5.06E-05,0.000321338,0.000775407,0.000259118,0.000115286,3.53E-05
696.0151978,0.000407714,0.001098591,0.000303049,0.000152262,0.000325586,0.001029384,0.000506236,3.52E-05,0.000322763
695.005127,0.000233269,0.000746545,0.000425981,0.000168343,0.000260025,0.000752976,0.000365975,-0.000141625,3.93E-05
693.994751,0.000348461,0.001216609,0.000671146,0.000367063,0.000554365,0.000992774,0.000490635,0.000186212,0.000416291
692.9840088,0.000326389,0.000959513,0.000406548,0.000130873,0.000302168,0.000685043,0.00039393,-3.57E-06,0.000283881
691.9729614,0.000545993,0.001199684,0.000537466,6.34E-05,0.000433262,0.000909134,0.000590083,-8.74E-05,0.00039634
690.9616089,0.000416524,0.001142789,0.000501882,0.000331208,0.000390225,0.000980502,0.000565407,-6.01E-05,0.00042212
689.9498901,0.000364576,0.001168614,0.000674205,9.45E-05,0.000325016,0.000840372,0.000390329,-4.71E-05,0.000276706
688.9378662,0.000492112,0.001185537,0.000529665,7.24E-05,0.000254482,0.000902104,0.00035043,2.39E-05,0.000206386
688.0701904,9.89E-05,0.00116851,0.00043562,-3.85E-05,0.000152417,0.000754506,0.000305147,-1.53E-05,0.00017057
687.0575562,0.000289709,0.001237324,0.000637495,6.31E-05,0.000252177,0.000901352,0.000512612,-6.16E-05,0.00013323
686.0445557,0.000124918,0.00124018,0.000330431,3.97E-05,0.00024495,0.000890172,0.000536507,-0.000141573,0.000344109
685.031311,0.000739829,0.001441001,0.000690669,0.000284994,0.000543065,0.000980917,0.000702544,0.000370405,0.000729198
684.0177002,0.000324446,0.001104534,0.000339239,0.000225422,0.000323307,0.000903998,0.000543998,0.000123753,0.00024078
683.0037842,0.000323307,0.001194233,0.000499446,0.000178158,0.000294371,0.000796361,0.000614087,-5.53E-05,0.000443705
681.989502,0.000172979,0.001073107,0.00034328,6.55E-05,0.000339731,0.000710607,0.00033499,-2.73E-05,0.000130692
680.9749756,0.000309888,0.000877229,0.000332063,3.42E-05,0.000111816,0.000738766,0.00027023,-0.000250349,0.000136958
679.960083,0.000319939,0.000847012,0.000312971,-0.000154356,0.000140506,0.000625104,0.000195509,-0.000210971,7.45E-05
678.9448853,0.000158063,0.000898525,0.00066845,9.39E-05,0.000148274,0.000690358,0.000440155,-0.000180232,0.000336337
677.9293213,0.000408206,0.000920289,0.000543738,5.46E-05,0.000472754,0.001100589,0.000442254,0.000106922,0.00028717
677.0585938,0.000626348,0.0007404,0.000374084,3.86E-05,9.76E-05,0.000609187,0.000310458,-0.000255057,0.00025544
676.0424805,0.00024754,0.000587465,0.000362658,-7.14E-05,0.000147368,0.000752821,0.000230446,-8.04E-05,0.000113602
675.026062,0.000377348,0.000947968,0.00043391,0.000104566,0.000421032,0.000962081,0.000479854,3.13E-05,0.00022752
674.0092773,0.000185487,0.000673557,0.000468297,-5.37E-05,7.26E-05,0.00079273,0.000499239,-0.000247969,0.000196856
672.9921875,0.000106482,0.000843692,0.000573209,4.17E-05,0.000267329,0.000584018,0.000288181,-6.22E-05,0.000110573
671.9747925,0.000446296,0.00080121,0.000615435,8.34E-05,0.000271033,0.000822503,0.000652946,0.000176578,0.000365223
670.9570923,0.000296677,0.000475086,0.000537674,7.27E-05,0.000401548,0.000882313,0.000600296,-0.000115022,0.000160497
669.9390869,5.33E-05,0.000515385,0.000487396,-3.50E-05,0.00012282,0.000488691,0.000353254,-0.000245123,9.38E-05
669.0662231,0.000607606,0.000990309,0.000921819,0.000109253,0.000570461,0.00111546,0.000533527,3.57E-05,0.000416005
668.0476074,0.000386572,0.000943117,0.000619764,-3.82E-05,0.00029362,0.000845819,0.000308878,0.000107518,0.000231094
667.0286255,0.000292973,0.000791926,0.000738637,0.000127766,0.000270567,0.000812725,0.000373229,8.18E-06,0.000239615
666.0093994,0.00047887,0.000850591,0.000579533,-4.18E-05,0.000224204,0.000872067,0.000215269,7.04E-05,0.000129604
664.9898682,0.000783783,0.001129656,0.001082372,0.000533449,0.000670057,0.001012025,0.000730469,0.000296988,0.000440207
663.9699707,4.45E-05,0.000617716,0.000684239,0.000147472,0.000521216,0.00093466,0.000479906,-1.48E-05,0.000145478
662.9497681,0.000433832,0.000814515,0.000935205,-7.97E-06,0.000376778,0.00083381,0.00038253,-9.01E-06,0.000342684
661.9292603,0.000339213,0.000771284,0.000586713,3.18E-05,0.000505977,0.000797191,0.000415669,6.21E-07,0.000182975
661.0543213,0.000271784,0.000657431,0.000522123,0.000118108,0.00031108,0.000821491,0.000263547,5.13E-05,0.00028888
660.0332031,0.000566495,0.000846467,0.000742085,0.000145581,0.000522486,0.000915982,0.000405201,0.000159254,0.000246867
659.0118408,0.000302687,0.000755025,0.000532075,0.000212835,0.000156302,0.000743123,0.000323462,-3.82E-05,0.000300796
657.9901123,0.000367425,0.000905036,0.000744601,9.02E-05,0.000574142,0.0009068,0.000428443,8.51E-05,0.000387634
656.9680786,0.00022063,0.000710141,0.000539125,0.000278467,0.000423597,0.000872197,0.000191262,8.02E-06,0.000266785
655.9457397,0.000513545,0.000946464,0.000748153,0.00026922,0.000468633,0.000876555,0.000347011,9.68E-06,0.000254819
655.0692139,0.000207603,0.000792315,0.000634151,5.02E-06,0.000406134,0.001001984,0.000277586,-4.78E-05,0.00036797
654.0463257,0.000453578,0.000825952,0.000641514,0.000164019,0.000637366,0.000913855,0.00020491,0.000111997,0.00045832
653.0231323,0.000122251,0.000637081,0.000445674,0.000128465,0.000274504,0.000830594,0.000392946,-0.000132619,0.000114975
651.9995728,0.000361648,0.000731195,0.000309758,-3.17E-05,0.000448317,0.000725153,0.000346156,-0.000180595,0.000254223
650.975769,0.000162983,0.000925892,0.000400433,0.000102054,0.000388593,0.000544101,0.000369317,-0.000262197,0.000170518
649.9516602,0.000345223,0.000571887,0.000466949,0.00013701,0.000423286,0.000833655,0.000301728,1.50E-05,0.000130355
648.9271851,0.000527903,0.001048533,0.00055478,7.90E-05,0.000480865,0.000838168,0.00039919,0.000285513,0.000390925
648.0488281,0.000220553,0.000846156,0.000421602,0.000291729,0.000557009,0.000978296,0.000455418,4.20E-05,0.000488095
647.0238647,0.000417301,0.000962834,0.000623082,-9.60E-05,0.00048724,0.000775692,0.000206412,-0.000171176,0.000200663
645.9985352,0.000623471,0.001026192,0.000808316,0.000338176,0.000830153,0.001064284,0.00060618,0.000221563,0.000650147
644.9729004,0.000254741,0.000869318,0.0004329,2.36E-05,0.000663291,0.000991865,0.000292247,-0.000105654,0.000312427
643.9469604,0.000268443,0.000858528,0.000458916,0.000280487,0.000583836,0.00090488,0.000670291,1.94E-05,0.000368565
643.0673828,0.000251089,0.001129734,0.000732647,0.000293335,0.000597471,0.001000531,0.000470447,0.000172538,0.000439274
642.0408936,0.000354679,0.00094112,0.000962808,0.000284787,0.000784872,0.000971732,0.000415254,0.000139859,0.000305044
641.0140991,0.000258678,0.000870537,0.000345404,6.07E-05,0.000580285,0.000868488,0.000173833,-0.000282531,0.000340301
639.9869995,0.000419115,0.000805723,0.000472961,9.63E-05,0.000601152,0.001025985,0.000469618,-4.92E-05,0.000376105
638.9595947,0.000351777,0.001068307,0.000752198,0.000196182,0.000697436,0.000940938,0.000438263,5.69E-05,0.000243733
637.9318848,0.000488147,0.000918058,0.000611831,8.88E-05,0.000396625,0.000728576,0.000586065,-0.000135828,0.000403024
637.0507813,0.000447048,0.001308148,0.000564577,0.000204418,0.000601748,0.000979308,0.000396158,2.83E-05,0.000473557
636.022522,0.000438263,0.000871912,0.000647165,9.18E-05,0.000569398,0.000776055,0.000422328,0.000173056,0.000253783
634.9939575,0.000470344,0.000826159,0.000494445,0.000290201,0.000579896,0.000892092,0.000349264,0.000125669,0.000452386
633.9650879,0.000420721,0.0010038,0.000703347,0.000282042,0.000787569,0.001138506,0.000484674,0.000178676,0.000413078
632.9359741,0.000523704,0.001231613,0.000689969,0.00053897,0.000641773,0.001369168,0.000594723,0.000172771,0.000272302
632.0535889,0.000360949,0.001020328,0.000536637,2.11E-05,0.000403258,0.000841747,0.000652532,9.75E-05,0.000259843
631.0238647,0.000557061,0.001050454,0.000629926,0.00025803,0.000642136,0.001045471,0.000466146,6.31E-05,0.000575749
629.9938354,0.000517614,0.000921145,0.000524482,0.000120076,0.000555583,0.000860032,0.000423546,2.14E-05,0.000416394
628.963562,0.000558694,0.000861666,0.000551177,0.000232026,0.000572068,0.000769002,0.000405564,-4.34E-05,0.000279995
627.9329224,0.00040831,0.001077597,0.000837545,0.000266681,0.000760756,0.000968775,0.000632233,0.000241272,0.000404864
627.0493164,0.000571265,0.001196569,0.00075225,0.000406237,0.00069798,0.001008652,0.000672702,0.000200041,0.000595734
626.0181885,0.000327736,0.000887656,0.000330871,0.000112955,0.00036284,0.000746468,0.000510175,-3.91E-05,0.000313152
624.9867554,0.000380768,0.000778441,0.00062583,0.000173289,0.000441425,0.000810521,0.000580104,-1.71E-06,0.000435128
623.9549561,0.000618468,0.00100886,0.00073384,0.000432511,0.000669616,0.001010806,0.000592701,0.000134731,0.000458164
623.0703735,0.000398879,0.000943403,0.000776393,0.000130977,0.000632129,0.000837805,0.000506107,9.45E-05,0.000472624
622.0380859,0.000807279,0.00124506,0.000842317,0.000398697,0.000764101,0.001176868,0.000607917,0.000190148,0.000612091
621.0054932,0.000368565,0.001022352,0.000713796,0.000458734,0.000514037,0.000670368,0.000445985,3.86E-05,0.00035841
619.9726563,0.00050564,0.00108232,0.000789696,0.000515981,0.000564189,0.001127684,0.000616575,0.000259429,0.000580752
618.9394531,0.000393412,0.000996328,0.000686209,0.000160963,0.000466845,0.000987429,0.000562582,-3.38E-05,0.00047817
618.0536499,0.000298335,0.001123479,0.000574427,0.000194085,0.000359161,0.000863819,0.00056748,0.000124892,0.000260595
617.0199585,0.00038753,0.000988337,0.000888409,0.000165857,0.000570902,0.001128514,0.000528032,0.000208328,0.000368099
615.9859619,0.000350871,0.00097028,0.000777508,0.000253109,0.000620386,0.000955025,0.00065878,0.000101847,0.00037411
614.9516602,0.000340793,0.00095256,0.000681517,0.000206386,0.000711748,0.000865246,0.000617249,7.56E-05,0.000329887
614.0648804,0.00052189,0.00110033,0.000854041,0.000422665,0.000789125,0.00114689,0.000735992,0.000214466,0.000542857
613.0300293,0.000437616,0.000927111,0.000744367,0.000295977,0.000460341,0.000881146,0.000620412,0.000160471,0.000607736
611.9949341,0.000380665,0.000895983,0.000710115,0.000193334,0.00062513,0.001053541,0.00053192,-1.70E-05,0.000485996
610.9595337,0.000324058,0.001053126,0.000717012,0.000351389,0.00070397,0.001158881,0.000690435,0.00021672,0.000542002
610.0717773,0.000394267,0.001043941,0.000827275,0.000240495,0.000551125,0.001031589,0.000541432,0.00014698,0.000561882
609.0358276,0.000189682,0.001070071,0.000610509,0.000190873,0.000628733,0.001012077,0.000628215,9.20E-05,0.000471665
607.9996338,0.000206049,0.00091606,0.000523108,0.000225992,0.000417975,0.001089923,0.000431708,3.27E-05,0.000396936
606.9630737,0.000301521,0.001028502,0.000623108,0.000351518,0.000567688,0.001175233,0.000564681,0.000183622,0.000550996
605.9262695,0.000435024,0.001030889,0.000731843,0.000509709,0.000653258,0.001249785,0.000562841,0.000253731,0.000542754
605.0373535,0.000516655,0.001118886,0.000742397,0.000392505,0.000631766,0.001264141,0.000698317,0.000253523,0.000717815
604,0.000319006,0.001027464,0.000607243,0.000403258,0.000424297,0.001092337,0.000643095,0.000248214,0.000560793
602.9624023,0.000549855,0.001275824,0.000807486,0.000421525,0.000619893,0.001226136,0.000852822,0.000261113,0.000669305
602.0727539,0.000265309,0.001124803,0.000703892,0.000338695,0.000514737,0.001032186,0.000614164,2.83E-05,0.000507195
601.0346069,0.000269997,0.000988986,0.000534227,0.000323617,0.000735629,0.001219828,0.000584691,0.000120956,0.000520309
599.9961548,0.000420307,0.001065141,0.000709389,0.000336,0.000748231,0.001109309,0.000713796,0.000277016,0.000644858
598.9574585,0.000283907,0.001016696,0.000804141,0.000278078,0.000657898,0.000948747,0.000655746,0.000179194,0.000517225
598.0668945,0.000257642,0.001178503,0.000849917,0.000369291,0.000641099,0.00110456,0.000614476,0.000326545,0.000610535
597.0276489,0.000400433,0.001172352,0.000728654,0.000308904,0.000636692,0.001002451,0.000739907,0.000125047,0.000512715
595.9881592,0.000371623,0.001155532,0.000785287,0.000263677,0.000593038,0.001091532,0.000551721,3.64E-05,0.000569321
594.9483032,0.000312142,0.001086186,0.000810391,0.000306054,0.000572198,0.000956997,0.000593453,0.000109693,0.000647554
594.0568237,0.000318644,0.001194259,0.000731013,0.000270955,0.000636821,0.001115304,0.000678172,0.000213016,0.000560482
593.0165405,0.000219491,0.001047755,0.000772217,0.000303153,0.000621812,0.001071187,0.000706407,0.000186056,0.000565692
591.9758911,0.000338876,0.001181229,0.000796309,0.000292221,0.000874116,0.001181955,0.000793534,0.000314292,0.000599959
590.9349976,0.000327996,0.001116861,0.000729302,0.000397117,0.000655669,0.001018434,0.000645221,9.06E-05,0.000398568
590.0426025,0.000479155,0.00107264,0.000726476,0.000258626,0.0009571,0.001056993,0.000705551,0.000201517,0.000613879
589.0012207,0.000365638,0.001164305,0.00084517,0.000472132,0.001228238,0.001070045,0.00073358,0.000215269,0.000531557
587.9595337,0.000246841,0.00097923,0.000584121,0.000297609,0.000959409,0.001167705,0.000750902,6.45E-05,0.000533553
587.0664063,0.000534745,0.001192598,0.000959435,0.000602474,0.001376439,0.001326739,0.000834926,0.000299604,0.000746053
586.024231,0.000519739,0.00114772,0.000881249,0.000351544,0.001255418,0.001368675,0.000975806,0.000319006,0.000739389
584.9817505,0.000276809,0.00087186,0.000807798,0.000420695,0.000996899,0.001117251,0.000775277,0.000116166,0.000518158
583.9390259,0.000503981,0.001249915,0.000885296,0.000387401,0.001065971,0.001263259,0.000876425,0.000180256,0.000635033
583.0449829,0.000323488,0.001182397,0.000879486,0.000473168,0.000829583,0.001271488,0.000857905,0.000338824,0.000576604
582.001709,0.000370923,0.0013082,0.000953365,0.000390044,0.000873183,0.001190703,0.00077048,0.000341985,0.000804297
580.9581909,0.000258678,0.001248305,0.000950018,0.000413155,0.00070301,0.001167108,0.000967737,0.000383566,0.000722171
580.0635376,0.000356907,0.001240076,0.000878967,0.000545812,0.000797139,0.00122694,0.001100122,0.000400926,0.000952041
579.0194702,0.000310561,0.001180528,0.000904517,0.00038494,0.000833032,0.00108328,0.001003463,0.000308593,0.000828468
577.9751587,0.00032468,0.001194934,0.000903713,0.000482213,0.000826808,0.001248487,0.000904621,0.000290356,0.001002503
576.930542,0.000303671,0.001278394,0.000884933,0.000555143,0.000786117,0.001183487,0.000934479,0.000288802,0.000890198
576.0349731,0.000317556,0.001238207,0.000866491,0.000496362,0.000671328,0.001039348,0.000961018,0.000304448,0.000968023
574.9898682,0.000320431,0.001228731,0.000942884,0.000516188,0.000677031,0.001213727,0.000808264,0.000360638,0.000862133
573.944519,0.000278881,0.001277745,0.001002192,0.000463658,0.000864701,0.001234832,0.000933674,0.000372633,0.000794182
573.0482788,0.000225085,0.001194648,0.000783394,0.000566262,0.000786558,0.001130798,0.000996224,0.000365975,0.000731376
572.0023804,0.000232622,0.001352705,0.000812673,0.000570487,0.000734151,0.001218504,0.00091894,0.000330301,0.000642862
570.9562378,0.000238967,0.001212715,0.000920418,0.000646828,0.000769624,0.001306149,0.000998326,0.000286393,0.000752535
570.0593262,0.00038937,0.001189379,0.000820142,0.000571109,0.000743434,0.001186394,0.000907292,0.000293102,0.000605195
569.0126953,0.000187714,0.001163293,0.000657509,0.000434169,0.000874687,0.00105201,0.00085513,0.000212369,0.000661865
567.9657593,0.000242075,0.001232573,0.000850098,0.000430982,0.000920626,0.001256379,0.001002036,0.000371571,0.000626789
567.0682373,0.000172616,0.001264064,0.000972718,0.000528317,0.000802222,0.001265439,0.00097181,0.000309111,0.000738948
566.020813,0.000143328,0.001029773,0.000846727,0.000327348,0.000656809,0.001053256,0.000859669,0.000321985,0.000554858
564.9731445,0.00027339,0.00136735,0.001073341,0.000542209,0.000933052,0.001285872,0.001030992,0.000331337,0.000828027
563.9251709,0.000238786,0.001265985,0.001564931,0.000532723,0.00081148,0.00121339,0.001007303,0.000382012,0.00073537
563.0267334,0.000261216,0.001307136,0.002146245,0.000559134,0.000876866,0.001220295,0.00107373,0.000528317,0.000861848
561.9782715,5.28E-05,0.001242179,0.002016766,0.00042352,0.000773799,0.001173727,0.000980035,0.00024148,0.000729121
560.9295654,0.000193722,0.001268425,0.001865747,0.000345767,0.000892818,0.001108011,0.000991917,0.000345638,0.000800536
560.0305176,4.87E-05,0.001189042,0.001818746,0.000499835,0.000814437,0.001135314,0.000876529,0.000220035,0.000599259
558.9813232,-8.11E-05,0.001125114,0.001357535,0.000376675,0.000768587,0.000957619,0.000936191,0.000209468,0.000543868
557.9318237,-9.73E-05,0.00100214,0.001120858,0.000273701,0.00073887,0.000991373,0.000763634,0.000125902,0.000584251
557.0321045,-0.000197517,0.000939044,0.000841358,0.00018326,0.000715689,0.000917383,0.000882002,8.95E-05,0.000497269
555.9821777,-0.000281289,0.000964235,0.000606647,0.000167437,0.0005638,0.000902649,0.000756555,-3.78E-06,0.000446167
554.9319458,-0.000259817,0.000883143,0.000533164,9.18E-05,0.000437382,0.00078967,0.000514555,1.69E-05,0.000255932
554.0315552,-0.00040384,0.000671665,0.000288724,-8.16E-05,0.000362892,0.000717401,0.00048071,-0.00022189,9.56E-05
552.980896,-0.000481264,0.000700132,0.000453085,-6.06E-05,0.000386054,0.000639829,0.000519635,-9.12E-05,0.000224956
551.9299316,-0.000535096,0.000622252,0.00033442,-9.77E-05,0.000357943,0.000608306,0.00036157,-0.000227116,2.96E-05
551.0288696,-0.000575633,0.000478533,0.000278493,-4.71E-05,0.000300407,0.000574038,0.000350042,-0.000375598,-3.48E-05
549.977417,-0.000543731,0.000613542,0.00040489,-6.01E-05,0.000413751,0.000675942,0.000450313,-0.000205538,0.000201465
548.9257202,-0.000580958,0.000527125,0.000202113,-8.96E-05,0.000131339,0.000483171,0.000355715,-0.00025573,-5.41E-05
548.0241089,-0.000790356,0.000518287,0.000204806,-0.000197103,8.24E-05,0.000485245,0.000231586,-0.000298828,-9.94E-05
546.9719238,-0.00071216,0.000549518,0.00019885,-0.000168278,0.000161766,0.000440285,0.000252151,-0.000298001,3.11E-05
546.0698242,-0.000722342,0.000486981,0.000189656,-0.000150734,0.000210426,0.000538451,0.000237025,-0.000217388,-5.48E-05
545.0171509,-0.000801259,0.000407585,0.000136855,-0.000202588,7.45E-05,0.000384292,0.00010832,-0.00036996,-1.98E-05
543.9642334,-0.000793353,0.00035942,8.40E-05,-0.000238448,0.000128543,0.000477081,0.000158192,-0.000396651,5.56E-05
543.0615845,-0.000760175,0.000449043,0.000151278,-0.000191048,0.000154619,0.000580596,0.000161947,-0.000353355,0.000239252
542.0081787,-0.000749425,0.000527384,0.000188102,-0.000131636,0.000158555,0.000526607,0.000221252,-0.000308399,0.000222987
540.9545288,-0.000612548,0.000641773,0.000258108,-9.05E-05,0.00022998,0.000693313,0.000261838,-0.000253712,0.000310898
540.0512085,-0.000715416,0.000581451,0.000223168,-0.000153891,0.000218325,0.00054335,0.000237776,-0.000310055,6.75E-05
538.9970703,-0.000668482,0.000623626,0.000205687,2.10E-06,0.000334783,0.000536481,0.000216642,-0.000228254,0.000103867
537.942688,-0.000870139,0.000530132,0.000210633,-0.000127858,0.00025386,0.00065725,0.000257305,-0.000229186,2.48E-05
537.0387573,-0.000772681,0.000653335,0.000292196,-4.84E-05,0.000342788,0.000711074,0.000360042,-0.00019022,3.46E-05
535.9838867,-0.000762552,0.000739233,0.00035214,-7.91E-05,0.000327244,0.000647191,0.000257797,-0.000219561,1.16E-05
534.928772,-0.000891116,0.000550451,0.000197425,-0.000147939,0.000157571,0.000554547,0.000208872,-0.000319212,-3.32E-05
534.024231,-0.000703735,0.000612739,0.000309344,6.47E-07,0.000318644,0.000689295,0.000323384,-0.000151407,6.39E-05
532.9686279,-0.000664864,0.000745379,0.000444171,0.000104255,0.000427743,0.00085526,0.000384214,-0.000121233,0.000102883
532.0636597,-0.000652664,0.000721212,0.000408828,9.88E-05,0.000408466,0.000782513,0.000395511,-5.63E-05,8.29E-05
531.0076294,-0.000685644,0.000696554,0.000293439,9.32E-05,0.000343358,0.000729821,0.000371804,-0.000167036,5.78E-05
529.951355,-0.000804463,0.000666376,0.000307272,3.22E-05,0.000359057,0.000723623,0.00032227,-0.000146593,1.38E-05
529.0457764,-0.00064155,0.000805152,0.000482757,9.67E-05,0.000431967,0.000792445,0.000388748,-4.60E-05,0.000192065
527.9890137,-0.00054673,0.000895646,0.000584666,0.000224386,0.00051002,0.000884129,0.000546823,4.94E-05,0.000306184
526.9320068,-0.000528477,0.000990646,0.000542935,0.000255181,0.000528654,0.000960032,0.000517588,4.28E-05,0.000358254
526.0258179,-0.00032692,0.001133445,0.000834744,0.00046783,0.000756918,0.001216894,0.000736951,0.000235212,0.00053643
524.9683228,-0.000214076,0.00117705,0.00097495,0.000525233,0.000856842,0.001323467,0.000825952,0.000354446,0.000589902
524.0617676,-0.000235033,0.001220658,0.000965714,0.000521968,0.000849216,0.001363273,0.000844781,0.000355897,0.000504863
523.0038452,-0.000250193,0.001170223,0.000862263,0.000511419,0.000828857,0.001393267,0.000873624,0.000388541,0.000576501
521.9456787,-0.000197465,0.001276785,0.000899459,0.000615383,0.000864571,0.001542121,0.000950277,0.000432148,0.000654787
521.0384521,-0.000119421,0.001461052,0.001097475,0.000732984,0.001093011,0.001684271,0.001040593,0.00054646,0.000814178
519.9798584,-0.00015829,0.001320663,0.001018771,0.000698058,0.001006135,0.001605201,0.000975079,0.000590368,0.00076812
519.0722656,-5.29E-05,0.001430378,0.001111178,0.000787673,0.001089586,0.001625883,0.001108582,0.000587776,0.000789903
518.0131836,-0.000104515,0.001470116,0.001094361,0.000850487,0.001113306,0.001629079,0.001131317,0.000549959,0.000816434
516.9538574,5.44E-05,0.001723304,0.001268685,0.000888434,0.00130537,0.001732296,0.001238648,0.0007592,0.001005227
516.0456543,-9.01E-06,0.001635003,0.001291012,0.001130616,0.001368908,0.001766916,0.00134437,0.000781968,0.001021159
514.9859009,9.79E-05,0.001662728,0.001242464,0.001125841,0.001380204,0.001768527,0.001345227,0.000830413,0.001006525
513.9258423,0.000108502,0.001746799,0.001337281,0.001155688,0.001481155,0.001856804,0.00135486,0.000842473,0.001123142
513.0170898,0.000165857,0.001892525,0.001442403,0.001186576,0.00151843,0.001974013,0.001456584,0.000976117,0.001119508
511.956604,8.82E-05,0.001807776,0.001392462,0.001137546,0.001398487,0.001837826,0.001371895,0.00083145,0.001055695
511.0474548,0.00016016,0.001857636,0.001348446,0.001245346,0.001517209,0.001958437,0.001431781,0.000951756,0.001115875
509.9865112,0.000233477,0.001936205,0.001543446,0.0013425,0.001537108,0.002058872,0.001525054,0.00100707,0.001170794
508.925354,0.000258471,0.001926377,0.001508014,0.001330166,0.001708465,0.002019653,0.001519989,0.001060807,0.001268814
508.0155945,0.000141568,0.001824413,0.00146996,0.001122156,0.001578025,0.001991723,0.001491883,0.001000427,0.00124005
506.95401,0.000210711,0.001836709,0.001505572,0.001057719,0.001570386,0.002056792,0.001394176,0.000986702,0.001188029
506.0438538,0.00030564,0.002097029,0.001676553,0.001393812,0.001793844,0.002265745,0.001738456,0.001234209,0.001301138
504.9818115,0.000276343,0.002028131,0.001723642,0.001252926,0.001711921,0.002253125,0.001497753,0.001065841,0.001347745
504.0712891,0.000188776,0.002005817,0.001722499,0.00125573,0.001724915,0.002265277,0.001653556,0.001106792,0.001270917
503.0087891,0.000490842,0.002182979,0.001936257,0.001518846,0.002026804,0.00252588,0.001871336,0.001354419,0.001496376
501.9460754,0.000188413,0.002071435,0.001680295,0.00129514,0.001710908,0.002453269,0.001636536,0.001019342,0.001262921
501.0349731,0.000198876,0.002204573,0.001741731,0.001395189,0.001812507,0.002441425,0.001751061,0.00128042,0.001376076
499.9718018,0.000286963,0.002105171,0.001758884,0.001238882,0.001814327,0.002409433,0.00169373,0.001179723,0.001458091
499.0603333,7.32E-05,0.002200983,0.001704437,0.00132583,0.001685726,0.002418986,0.001697732,0.001135132,0.001357768
497.9967041,0.000278752,0.002236498,0.00176741,0.00149487,0.001756727,0.002358651,0.001791894,0.001214558,0.001433781
496.9328613,0.000194628,0.002115394,0.001665249,0.001264012,0.001731647,0.002214252,0.001662027,0.001128566,0.001338865
496.020813,0.000209183,0.002217322,0.001602629,0.001239219,0.001674162,0.002263949,0.001595016,0.001134665,0.001327051
494.956543,0.000246297,0.002319404,0.001917537,0.001621881,0.001998198,0.002459179,0.001852488,0.001437391,0.001574673
494.0441284,0.000289735,0.002383013,0.001904017,0.00152773,0.00200899,0.002352847,0.002009276,0.0013774,0.001705398
492.9794006,6.37E-05,0.002226507,0.001918447,0.00146487,0.001831665,0.002304415,0.0017278,0.001354574,0.001441027
492.0666199,0.000168628,0.002403003,0.001932331,0.001527808,0.001891511,0.002364481,0.001857506,0.001363066,0.001584182
491.0014648,0.000248835,0.002494195,0.001883191,0.001542485,0.001937219,0.002394049,0.001796625,0.001369506,0.001574985
489.9360962,0.000144131,0.002405138,0.00197651,0.001608734,0.001953081,0.002355606,0.001848459,0.001417964,0.001615048
489.0227356,0.00017461,0.002429763,0.002044724,0.001622817,0.00198777,0.002392982,0.002001552,0.001519625,0.001660364
487.9569397,0.000206567,0.0024288,0.002016272,0.001606656,0.002034893,0.002437858,0.001953783,0.00143978,0.001638641
487.0432129,0.00034885,0.002592905,0.002022773,0.001686791,0.002071539,0.002525047,0.001972895,0.001422457,0.001699343
485.9769592,0.000274582,0.002551736,0.001998614,0.001731673,0.002121246,0.002510207,0.002079602,0.001470376,0.001682166
485.0628662,0.000131158,0.002542597,0.001996247,0.001732426,0.00212429,0.00246803,0.001990552,0.001499546,0.001723928
483.9962158,0.000188076,0.002551241,0.002028443,0.001648385,0.002037442,0.002565302,0.001970633,0.001388255,0.001723304
482.9293518,0.000171192,0.002583895,0.002052032,0.001783759,0.002065323,0.002520673,0.00203237,0.001432378,0.001708984
482.014679,0.000130045,0.002657309,0.002097497,0.001750827,0.002147988,0.002515934,0.002078536,0.001453961,0.00180697
480.9473877,0.000169327,0.002592644,0.002071227,0.001717431,0.002190524,0.002556163,0.002123796,0.001593145,0.001766812
480.0323486,9.01E-05,0.002490524,0.002160813,0.001827948,0.0020995,0.002525516,0.002063866,0.001545187,0.001773024
478.9646301,0.000290926,0.002716096,0.002237747,0.001989408,0.002352873,0.002701874,0.002267957,0.001754232,0.001919045
478.0492554,0.000278467,0.002802637,0.002213029,0.00194099,0.002341474,0.002632958,0.002324401,0.001634795,0.001894293
476.9811096,0.000221977,0.002746965,0.002273916,0.00201817,0.002415237,0.002679995,0.002326743,0.001768969,0.001995753
476.0653687,0.000177018,0.002690986,0.002264002,0.00187157,0.002410552,0.002702499,0.002366902,0.001633106,0.002002073
474.9967957,0.000453655,0.002958023,0.002423099,0.002114639,0.002583817,0.002736519,0.00244861,0.001859507,0.002021551
473.928009,0.000263988,0.002848494,0.002375934,0.002094558,0.00255986,0.002831844,0.002435802,0.001818226,0.002133577
473.0117188,0.000214803,0.002813398,0.002388948,0.001906591,0.002471909,0.002634364,0.002387334,0.001784356,0.001936751
471.9425354,0.000334757,0.002944652,0.002444366,0.002090188,0.00253502,0.002752122,0.002449052,0.001741003,0.00206821
471.0258789,0.000142163,0.002835961,0.002296503,0.002104,0.002515101,0.00272537,0.002398032,0.001778352,0.001996169
469.9562683,5.06E-05,0.002797896,0.00224904,0.001974846,0.0025157,0.002738993,0.002402171,0.001804865,0.00205856
469.0392761,0.000147187,0.002827415,0.002382987,0.001976718,0.00248503,0.002777835,0.002527391,0.001859715,0.002060407
467.9692383,0.000241635,0.002955364,0.002321564,0.002077625,0.002626942,0.002774657,0.00252963,0.001924011,0.002094064
467.0519104,0.000377219,0.003184568,0.002581395,0.00223413,0.002718362,0.00291734,0.002684735,0.002009718,0.002272485
465.9814453,0.000183752,0.003188401,0.002501979,0.002213289,0.002793701,0.002941108,0.002674733,0.002019861,0.002344805
465.0637512,0.000213197,0.00290504,0.002566786,0.002254712,0.002612306,0.002905353,0.002614467,0.001845209,0.002206577
463.9929199,0.000219879,0.003003296,0.002547986,0.002347356,0.002774943,0.003033533,0.002819468,0.001972765,0.002282685
463.0748596,0.000334809,0.00326051,0.002649131,0.002421042,0.00284482,0.00313101,0.002824627,0.002098356,0.002402535
462.0036011,0.000149491,0.003216617,0.002652803,0.002345898,0.002922735,0.003092137,0.002689371,0.002164352,0.002363206
460.9321289,0.000439015,0.003296555,0.002883463,0.002587801,0.003069664,0.003294573,0.002976059,0.002348917,0.002506874
460.0135498,0.000314188,0.003365211,0.002842136,0.002405086,0.002957527,0.003212471,0.002865379,0.002218987,0.002406518
458.9416809,8.56E-05,0.003242931,0.002769889,0.002319587,0.002896414,0.003141127,0.002780961,0.002083556,0.002456159
458.0227661,0.000166401,0.003231378,0.002805399,0.002271496,0.002844299,0.003174946,0.002803914,0.00205895,0.002365679
456.9505005,0.000272872,0.003319013,0.002782681,0.002477116,0.003089895,0.003373533,0.002947519,0.002254972,0.002539863
456.0312195,0.000369757,0.003425686,0.002916063,0.002607931,0.003132862,0.003482751,0.003023315,0.00223936,0.002642698
454.9585266,0.000114664,0.003432731,0.002751914,0.002517132,0.003037965,0.003352585,0.003086897,0.002375595,0.00256387
454.0389404,2.22E-05,0.003447238,0.002839922,0.002642151,0.003136486,0.003267682,0.002963131,0.002230175,0.002469748
452.9658508,0.000216331,0.003427199,0.002909861,0.002664914,0.003190279,0.003554099,0.003092085,0.002430466,0.00266916
452.0458984,0.00012919,0.003483481,0.002872076,0.002524527,0.003151765,0.003413997,0.003122511,0.002338273,0.002545773
450.9724426,0.000172383,0.00365412,0.00309099,0.00278638,0.003318961,0.003540684,0.003308866,0.002476856,0.002868636
450.0521545,0.000324472,0.003766359,0.003103921,0.002859698,0.003391352,0.003747533,0.003415772,0.002583061,0.002872519
448.9782715,0.000288984,0.003669418,0.003281453,0.002877678,0.003503,0.003783906,0.003303519,0.002669498,0.0029452
448.0576477,0.000292273,0.003775524,0.003361533,0.003030014,0.003572368,0.003885652,0.003376977,0.002707813,0.003012367
446.9833984,0.000294734,0.003870948,0.003429391,0.003103947,0.003642687,0.00387006,0.003504958,0.002761631,0.003071255
446.0624084,0.000216668,0.003838589,0.003306388,0.003085489,0.003606691,0.003936117,0.00348142,0.00267054,0.002968448
444.9877625,0.000323151,0.003935594,0.00338963,0.003146237,0.003699388,0.003957563,0.003621386,0.002825357,0.003058611
444.0664673,0.000315043,0.004057965,0.003484995,0.003198884,0.003765262,0.004096873,0.003605125,0.003049904,0.003144412
442.9914246,0.000222133,0.004050806,0.003499008,0.003253885,0.00372547,0.003971931,0.003621125,0.00280949,0.003179979
442.0697937,6.47E-05,0.003893723,0.003366646,0.003052328,0.003673151,0.003982668,0.003625302,0.002817384,0.003178858
440.9943542,0.000196493,0.004006729,0.003477636,0.003265647,0.003744791,0.004108135,0.003617836,0.002908845,0.003281427
440.0723877,0.000309758,0.004255179,0.003703095,0.003433566,0.003923866,0.004241638,0.003721189,0.003104103,0.003326108
438.996582,0.000217833,0.004285817,0.003604472,0.003387647,0.003973759,0.004383785,0.003793881,0.002991332,0.003483064
438.0742798,0.000201465,0.004275595,0.003765314,0.00345303,0.004029224,0.004312902,0.003817958,0.003186315,0.003503131
436.9980774,0.000175931,0.004297738,0.003819368,0.003593118,0.004167041,0.004554752,0.003949099,0.003261422,0.003515735
436.07547,0.000301676,0.004461113,0.003756619,0.003667068,0.00413419,0.004626145,0.003974595,0.003369125,0.003587376
434.9988708,0.000301728,0.004594462,0.003950666,0.003827908,0.004310706,0.004728926,0.004227209,0.0034714,0.003739256
434.0759277,0.000228659,0.004574738,0.004047801,0.00380921,0.004346655,0.004626302,0.004206011,0.003520276,0.003691948
432.9989624,0.000249405,0.004610945,0.003950458,0.003714714,0.004252382,0.004459308,0.0041638,0.003467329,0.003743851
432.0756836,0.000138926,0.004574711,0.004066535,0.003904432,0.004409176,0.00453223,0.004227262,0.003408075,0.003692
430.9983521,0.000168654,0.004776269,0.004160115,0.004038003,0.004609061,0.004681065,0.004394166,0.003669209,0.003813205
430.0747681,0.000181032,0.004855526,0.004175143,0.004053967,0.004617747,0.004804013,0.004376698,0.003651066,0.003870556
428.9970398,0.000190122,0.00485639,0.004238606,0.004265949,0.004621122,0.004932074,0.004368253,0.003764139,0.004023058
428.0731201,0.000282637,0.00510365,0.004326288,0.00447657,0.004697079,0.004911548,0.004502725,0.003762312,0.004142004
426.9950256,0.000212964,0.005109439,0.004405201,0.004676983,0.004913879,0.004991353,0.00458201,0.00386622,0.004425363
426.0707703,0.0001099,0.005198502,0.004440086,0.004896992,0.004869164,0.00511507,0.004684833,0.004052843,0.004434542
424.9923096,0.00016754,0.005172017,0.004610421,0.005095871,0.005028014,0.005117375,0.004855291,0.004142919,0.004528227
424.067749,3.47E-05,0.005271468,0.004556452,0.005279381,0.005043858,0.005181552,0.004825136,0.004000093,0.00458167
422.9888916,0.000171062,0.005361325,0.004657385,0.005568282,0.005299401,0.005289443,0.005034168,0.004296954,0.004821497
422.0640259,0.000170156,0.005502265,0.004950585,0.005826363,0.005282002,0.005506145,0.005113027,0.004408757,0.004935766
420.9848022,0.000106353,0.005548198,0.004900108,0.005960186,0.00540567,0.005401214,0.005191062,0.004415164,0.00493155
420.0596008,0.000121215,0.005555985,0.005000806,0.006234466,0.005415656,0.005436468,0.0052509,0.004462551,0.004978732
418.980011,0.000188853,0.005726234,0.004956083,0.006538982,0.005530553,0.005584329,0.005359647,0.004562312,0.005101083
418.0545044,0.000233632,0.005862072,0.005163686,0.006791672,0.005609738,0.00569059,0.005528325,0.004688732,0.005118789
416.9745483,0.000236533,0.00589222,0.005247075,0.006871666,0.005780454,0.005919956,0.005632657,0.004813043,0.005136182
416.0487366,0.000230084,0.006021836,0.005396339,0.007154496,0.005915889,0.006021416,0.00567606,0.004887018,0.005161512
414.9684143,0.000193256,0.006176645,0.005478567,0.007298942,0.006101531,0.006085675,0.005929823,0.005010233,0.00513516
414.0422668,0.000116839,0.006220154,0.005399379,0.007314158,0.005958112,0.006080031,0.005797505,0.00510014,0.005089873
412.9616089,0.000170648,0.006263038,0.005530972,0.007390061,0.006012151,0.006143142,0.005904815,0.00528622,0.005175003
412.0351563,0.000167152,0.006230816,0.005626652,0.007465478,0.006301724,0.00617654,0.006034593,0.00526683,0.005217076
410.9541016,9.32E-05,0.006499145,0.005653558,0.007633236,0.006249409,0.006414728,0.006138496,0.005358677,0.005365203
410.0273438,0.000136026,0.006581871,0.005766629,0.007678526,0.006371277,0.006446307,0.006319715,0.005524602,0.005367405
408.9459534,5.66E-05,0.006575011,0.005728699,0.007679817,0.006419956,0.006584709,0.006331902,0.00554631,0.005564978
408.0188904,4.36E-05,0.006655386,0.005935386,0.00771523,0.00650779,0.006592278,0.00640745,0.00565264,0.005540464
406.9371338,0.000100475,0.006833849,0.006137314,0.008088505,0.006917428,0.006697208,0.006708723,0.00585302,0.005775233
406.0097656,5.69E-05,0.006980004,0.00610854,0.007891995,0.006949754,0.006854467,0.006611753,0.005930479,0.005856247
404.9276428,1.77E-05,0.007017964,0.006255055,0.007888779,0.007051087,0.006929843,0.006711536,0.006117282,0.005962311
403.9999695,0.00015682,0.007229661,0.006468087,0.007954368,0.00717026,0.00705406,0.006849681,0.006185625,0.006031443
403.0721436,0.000142888,0.007302627,0.006459443,0.007976172,0.007290308,0.007086107,0.006950964,0.006275749,0.006213905
401.9895325,0.000190563,0.007485256,0.006700336,0.00803041,0.007484887,0.007327084,0.007203078,0.00660032,0.006471845
401.0614014,0.000162698,0.007491287,0.006722314,0.007947066,0.007468059,0.007351621,0.007160417,0.006576194,0.006524029
399.9784241,7.27E-05,0.007761397,0.006856676,0.007900588,0.007673467,0.007478724,0.007424924,0.006729491,0.006761935
399.0500183,5.62E-05,0.007717575,0.007039511,0.007996581,0.007842282,0.007593668,0.007542803,0.006832061,0.006747842
397.9666748,0.000114949,0.007864475,0.007106525,0.007930773,0.008115432,0.007780872,0.007683058,0.006973849,0.006947018
397.0379639,4.57E-05,0.008128198,0.007303812,0.007969871,0.008360413,0.007911291,0.007859809,0.007373026,0.007082581
395.9542847,3.26E-05,0.008137614,0.007353043,0.008050082,0.00827872,0.007998558,0.00788298,0.007337852,0.007137154
395.0252686,4.67E-05,0.008248827,0.007550258,0.00795226,0.008501512,0.008151909,0.008229173,0.007506904,0.007396671
393.9412231,3.85E-05,0.008410502,0.007654603,0.0080307,0.008555102,0.008320303,0.00830967,0.007621777,0.007457735
393.0119019,2.94E-05,0.008518433,0.00780077,0.00817412,0.008830287,0.008578547,0.008594943,0.00779679,0.007597224
391.9275513,-6.51E-05,0.008698589,0.007854327,0.008186094,0.008723547,0.008596369,0.008682216,0.007744269,0.007550916
390.9979248,-0.000113262,0.008868648,0.007962304,0.008328747,0.00898647,0.00880078,0.008761079,0.008011214,0.007653259
390.0681763,0.000147057,0.009082914,0.008200893,0.008467328,0.009318312,0.009079874,0.009076253,0.008222578,0.007951073
388.9833069,-9.52E-05,0.009046121,0.008231204,0.008520255,0.009457526,0.009086218,0.009092483,0.008255502,0.007942373
388.0532837,-0.000141625,0.009208595,0.00836445,0.008801441,0.009638839,0.009280387,0.009323522,0.0083787,0.008194061
386.9680786,-0.000102238,0.009446177,0.008555789,0.008910869,0.009725395,0.009442182,0.009625818,0.008585913,0.008221523
386.0377502,6.17E-05,0.009769632,0.008899349,0.009320533,0.010197598,0.00972566,0.009976212,0.0088659,0.008778592
384.952179,-0.0001129,0.009862966,0.008867538,0.009534837,0.010249305,0.009900146,0.009931451,0.009173245,0.008847327
384.0215759,-1.59E-05,0.009990091,0.009085584,0.009579558,0.010414748,0.010063656,0.01021008,0.009289723,0.008896337
382.9356689,-0.000221683,0.01015639,0.009209785,0.009629391,0.010682704,0.010085778,0.010428457,0.009329737,0.008958274
382.0047607,2.03E-05,0.010513233,0.009576329,0.009919268,0.011056655,0.010557923,0.010865326,0.009819726,0.009427156
381.0737305,0.000126808,0.01070109,0.009741517,0.010267566,0.011345414,0.010699233,0.011222406,0.010035787,0.009712609
379.9873657,7.69E-05,0.01086254,0.009962466,0.010365885,0.011333085,0.011029226,0.011762462,0.01013143,0.009941435
379.0560303,2.68E-05,0.011115634,0.010083076,0.01066485,0.011761717,0.01123893,0.012419229,0.010304675,0.010046674
377.9693298,1.22E-05,0.011036846,0.010274458,0.010802639,0.011912013,0.011352163,0.013055332,0.010539383,0.009967604
377.0377197,9.10E-05,0.011554871,0.010507955,0.010968055,0.012103298,0.011696002,0.013512718,0.010845367,0.010274961
375.9506836,-8.55E-05,0.011755493,0.010572696,0.01116174,0.012205495,0.011652126,0.01387225,0.010779897,0.010247741
375.0187683,-8.24E-05,0.011881418,0.010686737,0.011362765,0.012412678,0.011956846,0.014054213,0.011038705,0.010516283
373.9313965,4.49E-05,0.012188962,0.01116923,0.011800788,0.012826139,0.01243151,0.014562306,0.01141833,0.010782524
372.9992371,0.000251192,0.01245948,0.011460774,0.012037797,0.013309201,0.01275741,0.015055505,0.012024544,0.011211861
372.066925,4.31E-05,0.012677019,0.011630003,0.01207881,0.013401323,0.012729901,0.015512347,0.01203133,0.011413335
370.9790955,-0.000148198,0.012826192,0.011774616,0.01239872,0.013757477,0.012896532,0.015538665,0.011982339,0.011552345
370.0465088,-3.40E-05,0.012897786,0.012003521,0.01265551,0.013881497,0.013195323,0.015920904,0.012291871,0.011818717
368.958313,-6.98E-05,0.01324656,0.012131087,0.012898265,0.014116703,0.013501663,0.016106684,0.012709935,0.01206308
368.0254822,-7.08E-05,0.013516404,0.012492941,0.013267591,0.014438492,0.013975479,0.016572459,0.013149188,0.01263872
366.9369812,4.69E-05,0.013874014,0.012831738,0.013639527,0.014829084,0.01416508,0.017043527,0.013510555,0.012826379
366.0038452,-0.000278547,0.014050711,0.012960029,0.013619441,0.014873603,0.01428352,0.016799441,0.013515095,0.012773592
365.0705872,0.000207215,0.014470553,0.013298685,0.014173077,0.015274964,0.014887319,0.016900191,0.014046379,0.013333651
363.9815979,-0.000165069,0.01438203,0.013252485,0.014141172,0.015582534,0.014736472,0.016569017,0.014104589,0.013317369
363.0480652,-9.16E-05,0.014856754,0.013744785,0.014523547,0.015961722,0.015235095,0.016807431,0.014527482,0.013677246
361.9588013,4.30E-05,0.015147462,0.013883688,0.014728678,0.015985463,0.01533594,0.016840423,0.014593386,0.013896732
361.0249939,-4.95E-05,0.015699185,0.014024964,0.015003571,0.016253358,0.015614866,0.016756957,0.015133443,0.014047636
359.9353943,5.06E-05,0.015956324,0.01468463,0.015751874,0.016829658,0.016155632,0.017171992,0.015407573,0.01441695
359.0013123,8.27E-05,0.016208349,0.014840923,0.015888575,0.017246971,0.016398873,0.017411117,0.0157333,0.014801872
358.0671082,-0.000146956,0.016299851,0.014871702,0.015883205,0.017373772,0.016552694,0.017290555,0.015944133,0.014814594
356.9770508,5.41E-06,0.016721444,0.015406983,0.016362075,0.017516995,0.016807593,0.01759783,0.016317589,0.015069976
356.042572,-7.20E-06,0.016802697,0.015471116,0.016546106,0.018069904,0.01710373,0.017944789,0.016685586,0.015357608
354.952179,-6.94E-05,0.017114285,0.015771711,0.016948855,0.01812334,0.017367143,0.018199537,0.016981935,0.01568421
354.0174561,0.000107414,0.017714161,0.016051777,0.017178563,0.018534902,0.017759329,0.018614089,0.017246621,0.016167266
352.9267578,0.000110547,0.01796014,0.016604839,0.017592087,0.018942175,0.018241001,0.018884288,0.017534783,0.016311515
351.9917603,-1.98E-05,0.017937182,0.01664158,0.017906077,0.019128738,0.018418159,0.019307775,0.017645303,0.016585691
351.0566406,-8.01E-05,0.018359423,0.016990576,0.018324373,0.019512203,0.018675482,0.019511255,0.01806243,0.017009689
349.9655151,3.15E-05,0.018871229,0.017218314,0.018588204,0.020078829,0.019136908,0.01988679,0.018505348,0.017370619
349.0301208,-4.80E-05,0.019094709,0.017570335,0.018957751,0.020189727,0.019471509,0.020025477,0.01863095,0.01746013
347.9386597,0.000150139,0.019372595,0.017957065,0.019383503,0.020686401,0.019966008,0.020585664,0.01901035,0.017968638
347.0030212,-0.000134276,0.019679263,0.018300748,0.019640043,0.02102573,0.020151682,0.020923285,0.01945984,0.0181784
346.0672607,-0.000175006,0.020073976,0.018854089,0.019809484,0.021158803,0.020457217,0.021156438,0.019734954,0.01856778
344.9753723,-0.000213248,0.020498708,0.019333133,0.020199271,0.021627365,0.021006767,0.021501385,0.019933267,0.018856198
344.0393372,-0.000148664,0.020875724,0.019931966,0.020617258,0.021906825,0.021273701,0.021850662,0.020256929,0.019209117
342.9471436,-0.000156789,0.021124423,0.02049271,0.020943522,0.022309372,0.021729188,0.022084804,0.020743173,0.019456835
342.0108643,-0.000181112,0.021525973,0.021067275,0.02144862,0.02292466,0.022023827,0.022589134,0.021311926,0.020097535
341.0744629,-0.000158963,0.02180692,0.021467958,0.021718385,0.023290269,0.022170689,0.022888448,0.021570234,0.020257309
339.9818115,-0.000169831,0.02241757,0.02188205,0.022221062,0.023686858,0.022785643,0.023392837,0.022089599,0.02091269
339.045166,-0.000284963,0.022603476,0.021957628,0.022495886,0.023859307,0.023097597,0.023678247,0.022284465,0.020865973
337.95224,-0.000330748,0.022991249,0.022264276,0.022851912,0.024324168,0.023378659,0.02386144,0.022751817,0.021359997
337.0153198,-0.000175678,0.023482697,0.022556985,0.023591135,0.025081424,0.023953695,0.024601012,0.023277132,0.021771563
335.9220886,6.04E-05,0.023984578,0.022574028,0.023954241,0.025397392,0.024477452,0.024929954,0.023777243,0.022261905
334.9849243,-3.53E-05,0.024393138,0.023066942,0.02427919,0.025778027,0.024970915,0.02531416,0.024256086,0.022697182
334.0476379,-0.000191514,0.024683943,0.023288084,0.02487414,0.026178159,0.025083426,0.025588257,0.024575481,0.022928726
332.9539795,-0.0002489,0.025041385,0.02362795,0.025095219,0.026344312,0.025557563,0.026201613,0.024853555,0.023286117
332.016449,-0.000308865,0.025494723,0.023968903,0.025469715,0.026939593,0.025872888,0.026535183,0.025156328,0.023598349
330.9225159,-0.000342285,0.025831155,0.02425543,0.026057312,0.027561868,0.026470166,0.027057409,0.025697853,0.024112403
329.9847412,-0.000263698,0.026490223,0.024797751,0.026414456,0.02798151,0.026792102,0.027454834,0.026257982,0.024600547
329.0468445,-0.000301726,0.026804022,0.025077639,0.026919296,0.028382933,0.027260555,0.027766326,0.026695553,0.024992988
327.9524536,-0.000273839,0.027210312,0.025535077,0.027570996,0.02907099,0.027807748,0.028344855,0.027199922,0.025519896
327.0143127,-0.000558105,0.027792763,0.026037246,0.028111788,0.029429706,0.028302358,0.028738094,0.02775435,0.025759788
326.0760498,-0.000440149,0.028130319,0.026075095,0.028122779,0.029869737,0.028539564,0.029162226,0.028064454,0.026311224
324.9812927,-0.000240466,0.028735578,0.026818672,0.028918566,0.030413233,0.0291635,0.029845225,0.028622616,0.027019668
324.0427856,-0.000378702,0.029100856,0.027055454,0.029322546,0.030594429,0.029629227,0.030208107,0.029014032,0.027199481
322.9477234,-0.000241863,0.029728398,0.027715636,0.030004216,0.031326007,0.030207995,0.030644622,0.029589349,0.027881082
322.0089722,-0.000291326,0.030259671,0.028198984,0.030466959,0.032044776,0.030815048,0.031205053,0.030373838,0.028455367
321.0700989,-0.000218319,0.030836919,0.028813964,0.031157048,0.032607548,0.031171817,0.03185701,0.030873938,0.02901727
319.9746094,-0.000556089,0.03140077,0.029268075,0.031787988,0.033136323,0.031747941,0.03259103,0.031527042,0.029438376
319.0355225,-0.000310107,0.031668827,0.029765267,0.032172177,0.033548746,0.032274999,0.033054944,0.031677347,0.029835854
317.9397583,-0.000495796,0.032351602,0.030458296,0.032857895,0.034215074,0.032892406,0.033733357,0.032445565,0.030669011
317.0004272,-0.000258731,0.033036482,0.031028384,0.033557165,0.034978203,0.033624314,0.034638926,0.033168647,0.031351019
316.0609741,-0.000160619,0.033667419,0.031771112,0.034271065,0.035847269,0.034421206,0.035332792,0.033884961,0.032023065
314.9648132,-0.000260231,0.034499813,0.032541167,0.034977641,0.036276013,0.034809303,0.035845779,0.034573697,0.032594487
314.025116,-0.000372133,0.034524642,0.032430056,0.035092633,0.036323152,0.035001155,0.03602276,0.034446761,0.032720491
312.9286804,-0.000340681,0.035566058,0.033621881,0.036334183,0.037519515,0.036089025,0.0372498,0.035573814,0.033614583
311.9887695,-0.000340629,0.036376573,0.034216363,0.036940563,0.038213167,0.036712304,0.037802786,0.036098592,0.034233756
311.0487366,-0.00013971,0.03700858,0.034661245,0.037569556,0.039014056,0.037427437,0.038225774,0.036880031,0.035067964
309.9519043,-0.000453441,0.037755456,0.03527759,0.038332015,0.039771684,0.038027521,0.039039373,0.037754778,0.035763051
309.0116272,-0.000461612,0.038037974,0.035909459,0.03892101,0.040196482,0.03853403,0.039645262,0.03828517,0.036318451
308.0712585,-0.00038853,0.03881878,0.036643043,0.039851263,0.04096457,0.039409485,0.040314995,0.038691394,0.0368862
306.9740295,-0.000580338,0.039599519,0.037391718,0.040690944,0.041688479,0.040063351,0.041345179,0.039496709,0.037922934
306.0334167,-0.000505673,0.040349819,0.03799133,0.041385498,0.042503063,0.040888056,0.042157345,0.040310707,0.038545202
304.9359131,-0.000345802,0.041223254,0.039163549,0.042570151,0.043695867,0.041923735,0.043200951,0.041348625,0.039525174
303.9950867,-0.000486229,0.042050447,0.039772674,0.043357011,0.044385329,0.042480566,0.043939259,0.041908454,0.040063664
303.0541382,-0.000472162,0.042878021,0.040447805,0.044087794,0.04504174,0.043442372,0.04470209,0.042699568,0.041046873
301.9562683,-0.000413875,0.043839652,0.041610129,0.045131687,0.046086781,0.04433937,0.045740187,0.04365465,0.041924704
301.0151062,-0.00082224,0.044594165,0.041947056,0.045750801,0.046628546,0.044858925,0.046399489,0.044576894,0.042551707
300.073822,-0.000302657,0.045332201,0.042901397,0.046655495,0.047717143,0.045948122,0.047581252,0.045366369,0.043746166
298.9755554,-0.000413409,0.046930972,0.044023331,0.047980517,0.0490597,0.047186598,0.049115378,0.046749145,0.044776812
298.0340576,-0.000592953,0.047632091,0.044919722,0.048988931,0.04999987,0.048085589,0.050383512,0.047815327,0.045727648
296.9355164,-0.000537112,0.048764188,0.046019375,0.049962927,0.051019598,0.04912984,0.05161554,0.048513476,0.046586096
295.9938049,-0.00068125,0.049729779,0.046776909,0.051022395,0.051752463,0.049893782,0.052751154,0.049342103,0.047527909
295.0519714,-0.000669516,0.051088281,0.048001651,0.051976483,0.053232647,0.051192302,0.053829465,0.050477624,0.048731171
293.953064,-0.000739088,0.051410761,0.04844271,0.052109551,0.053257726,0.05141481,0.054564949,0.050751351,0.048986759
293.0110168,-0.000516687,0.053017162,0.050028887,0.054174747,0.05465392,0.052972797,0.055796195,0.052265666,0.050642546
292.0688782,-0.000542335,0.054725148,0.051608719,0.055648398,0.056704234,0.05465031,0.057869695,0.054021232,0.052044004
290.969574,-0.000620199,0.056033473,0.052860398,0.057239067,0.058114,0.055887569,0.058783595,0.055411004,0.05345076
290.0272217,-0.000544558,0.057326581,0.053717665,0.058118615,0.059049025,0.057123933,0.059704326,0.056410462,0.054396737
288.9276733,-0.000533544,0.058426514,0.054860882,0.059444848,0.060564183,0.058080234,0.060756832,0.057374585,0.055547189
287.9850769,-0.000441132,0.059645642,0.056163106,0.060784489,0.061429653,0.059180245,0.062201459,0.059004661,0.057114396
287.0424194,-0.000775937,0.061292,0.057918791,0.062399168,0.063200668,0.060900152,0.063819863,0.060385276,0.058591615
285.9425049,-0.000507896,0.062877394,0.05933705,0.063960902,0.064577311,0.062397346,0.065335482,0.061815951,0.059906963
284.9996033,-0.000746376,0.063603677,0.059764888,0.064243771,0.065336838,0.062878139,0.066155657,0.062721938,0.060681362
284.0566101,-0.000818157,0.064539857,0.061029814,0.065617472,0.066465959,0.064311184,0.067338295,0.063917145,0.061885856
282.9563293,-0.000707301,0.066718981,0.063640118,0.068189614,0.068862505,0.06612204,0.069893196,0.066210009,0.063919634
282.0131226,-0.000634726,0.067964606,0.064457245,0.069082871,0.069820195,0.067449488,0.070900977,0.067381129,0.064954728
281.0698242,-0.00078617,0.068605527,0.065358862,0.070206881,0.070505299,0.06798771,0.071906649,0.06816408,0.065822437
279.9691772,-0.000779813,0.0703943,0.067163795,0.071652144,0.072311766,0.06965971,0.0737698,0.069780916,0.067448251
279.0256653,-0.000590782,0.071647748,0.068403184,0.073089518,0.07388293,0.071174897,0.075266823,0.071423598,0.06895937
277.9247742,-0.000920771,0.072950475,0.069772072,0.074818648,0.075230032,0.072550789,0.076975018,0.072685964,0.070579723
276.9810486,-0.000715468,0.074397504,0.071520582,0.076166965,0.077022493,0.07415849,0.078520738,0.074078411,0.072076581
276.0372314,-0.000651475,0.075640582,0.072770558,0.077564575,0.078196153,0.075535961,0.080122218,0.075192049,0.07331112
274.9359741,-0.001055434,0.077157401,0.073897444,0.07936357,0.079609238,0.076871343,0.081556208,0.07681758,0.074733779
273.9919739,-0.001043193,0.078364939,0.075446606,0.080416434,0.081154577,0.078617394,0.08299242,0.078212455,0.076177761
273.0478516,-0.000853295,0.079950348,0.077041872,0.082211077,0.082558215,0.079939552,0.084850974,0.079595588,0.077552378
271.9462585,-0.001102636,0.081775591,0.078930087,0.083964922,0.084896483,0.081709251,0.086857967,0.081418149,0.07958132
271.0019226,-0.000821051,0.083017901,0.080098838,0.085098155,0.085395396,0.082811862,0.087731287,0.082409315,0.080737107
270.0574951,-0.00096556,0.083889581,0.080931053,0.086027078,0.086395025,0.084169716,0.089003041,0.083743714,0.081768431
268.9555664,-0.001040972,0.085415654,0.082756549,0.087724254,0.088071235,0.085299172,0.090730771,0.08528474,0.083109915
268.0109253,-0.001073716,0.087021872,0.084201135,0.089330688,0.089654699,0.087032281,0.092285052,0.086761802,0.084629565
267.0662231,-0.000939369,0.088444568,0.085525014,0.090841219,0.091109656,0.088149391,0.094075285,0.088134803,0.086093634
265.9639282,-0.000883004,0.089529626,0.086765468,0.092185624,0.092374861,0.089628413,0.095109716,0.089011937,0.087535009
265.0190125,-0.001082289,0.090889983,0.088033028,0.093356781,0.093536325,0.090857178,0.096611805,0.090399899,0.088707931
264.0740051,-0.001126286,0.092125997,0.089300357,0.094616108,0.095004745,0.092295744,0.097970136,0.091864869,0.090092659
262.971405,-0.001206266,0.093357295,0.090516895,0.095939331,0.096018858,0.093649834,0.099116459,0.093079582,0.091350526
262.0261841,-0.001038597,0.094324812,0.091557324,0.097010359,0.097215243,0.094411962,0.100270711,0.094022855,0.092341274
260.9233398,-0.000862853,0.096051604,0.09330903,0.098764941,0.099103063,0.096127242,0.102038078,0.096000679,0.093821041
259.9779358,-0.000899899,0.09664809,0.093850859,0.099486984,0.099547856,0.096677065,0.102579966,0.096541159,0.094665423
259.0324402,-0.000962409,0.097528897,0.094794296,0.100179158,0.100603387,0.097814597,0.10353864,0.097329721,0.095208108
257.9292603,-0.001092721,0.098784402,0.096020892,0.101318263,0.101783454,0.098889612,0.104971908,0.098608792,0.096476667
256.9835815,-0.001234506,0.099274777,0.096387036,0.10182593,0.102163009,0.099364057,0.105413847,0.099059157,0.097146638
256.0378113,-0.001252264,0.100244269,0.097501189,0.102989063,0.103226796,0.100407198,0.106549315,0.10024707,0.097984664
254.9342804,-0.00127472,0.10114979,0.098526485,0.103942059,0.104615949,0.10161788,0.107546777,0.101180762,0.099115416
253.9883118,-0.001016387,0.10237778,0.099434257,0.104988821,0.105445296,0.102522537,0.108437896,0.10244453,0.099759057
253.0422668,-0.001592068,0.102535389,0.099659793,0.105445594,0.105759993,0.102966547,0.108725175,0.102875248,0.100170806
251.9384155,-0.001370878,0.104013227,0.101046875,0.106692359,0.107252717,0.104264461,0.110165991,0.10383457,0.101540066
250.9921722,-0.001437912,0.104611367,0.101971783,0.107521705,0.108058333,0.105056308,0.110808484,0.104750551,0.102347538
250.0458527,-0.00154332,0.105564408,0.102813184,0.108255908,0.109173052,0.105946153,0.111725278,0.10550569,0.103084326
248.947998,-0.001553792,0.106736079,0.103792556,0.109341636,0.110251531,0.107019723,0.112745985,0.106883422,0.10423135
248.0071259,-0.001873617,0.10760995,0.1045537,0.110300519,0.11105074,0.107988887,0.113409922,0.107580632,0.105106257
247.0661621,-0.001586394,0.108499236,0.105310775,0.111034155,0.11201109,0.108787857,0.114151359,0.108333305,0.105753526
245.968277,-0.001764268,0.109150484,0.105728261,0.111335471,0.112519354,0.109091945,0.114285246,0.108777583,0.106326453
245.0271301,-0.001827478,0.110611208,0.10719645,0.112635888,0.114024349,0.110466167,0.115910396,0.109993115,0.107730255
243.9290314,-0.001816239,0.112058431,0.108782306,0.114326403,0.115624979,0.11216151,0.117506027,0.111669034,0.109127224
242.9877014,-0.001849853,0.113385014,0.109795548,0.115471602,0.116716236,0.112805791,0.118392646,0.112651393,0.10986425
242.0462952,-0.002024991,0.114168331,0.110616989,0.116346389,0.117471449,0.114063226,0.119671702,0.113306649,0.110765353
240.947876,-0.002084453,0.116018921,0.112518214,0.11809241,0.11919421,0.115504526,0.120886698,0.115106762,0.112689108
240.0062866,-0.00208672,0.117224336,0.113533393,0.118998677,0.120017193,0.116320469,0.1218578,0.116037048,0.113487504
239.064621,-0.002144887,0.119506702,0.115948059,0.121261284,0.12264166,0.118562058,0.124095812,0.11829032,0.115781687
237.9658966,-0.002115624,0.121615641,0.118078306,0.123393267,0.124829508,0.120444179,0.126163319,0.120248221,0.117684662
237.0240479,-0.00234004,0.123312935,0.119917691,0.125399336,0.126934424,0.122185551,0.128207907,0.121976875,0.119519889
235.9251099,-0.002474624,0.125525296,0.121970296,0.127528235,0.128969714,0.124199823,0.130050048,0.123942167,0.121230386
234.9830933,-0.00239426,0.12766555,0.124056786,0.129459158,0.131095678,0.126164287,0.132155985,0.125971392,0.12319418
234.0409851,-0.002543959,0.130120561,0.12659587,0.132045284,0.133596838,0.12829712,0.134708658,0.128246442,0.125546485
232.9417572,-0.002617606,0.13246277,0.128807128,0.134373128,0.135988757,0.130704433,0.13690953,0.130309358,0.127300665
231.9994812,-0.002640351,0.135800302,0.131891504,0.137342125,0.139186904,0.133243233,0.140337214,0.133202031,0.1299707
231.0571136,-0.002740168,0.137640476,0.133678839,0.139522642,0.141226307,0.134979218,0.142516047,0.134765744,0.131689355
229.9575958,-0.002794492,0.140698329,0.136444747,0.142789736,0.144687221,0.13786763,0.146267965,0.137833282,0.134926975
