Wavelength (nm),BLANK,ELA_FISH946,ELA_FISH1004,ELA_FISH949,ELA_FISH1015,ELA_FISH932,ELA_FISH922,ELA_FISH1011,ELA_FISH947
800.0131836,-0.000225253,0.005145297,0.000296003,0.000377815,-0.00055402,-0.000172211,0.002129336,0.002100723,0.000138357
799.0401611,-0.000119577,0.005363919,0.000581477,0.000784432,-0.000545437,-0.000213403,0.002457669,0.002381582,0.000814981
798.0667114,-0.000521341,0.00536785,-0.000128013,0.000289942,-0.000921184,-0.00033618,0.001587637,0.001545005,0.000529613
796.9537964,0.000288569,0.00529754,0.000428987,0.000535652,-0.000270786,-0.000190324,0.002264834,0.00212788,0.000556827
795.9795532,-0.000195188,0.004811211,0.000731195,0.0007139,-0.000482402,-7.02E-05,0.002220288,0.001753712,0.000605973
795.0049438,-0.000106844,0.005539021,0.000417975,0.001069578,-9.65E-05,0.000351518,0.002484327,0.002381894,0.000801677
794.0299683,8.15E-05,0.00556941,0.000959591,0.000945608,-0.000482453,0.000118833,0.002924142,0.001759898,0.00093287
793.0546265,-0.000320505,0.005272202,4.98E-05,0.000320068,-0.000839188,-0.000381495,0.002005583,0.001466038,0.000463166
791.9394531,0.00012106,0.005469654,0.001042669,0.000976195,-4.56E-05,0.000529328,0.002688746,0.001903158,0.000947553
790.9633179,-0.000229496,0.005415577,0.000629589,0.000752976,-0.000282893,0.000100242,0.002099839,0.002124108,0.000668139
789.9867554,-6.81E-05,0.005081597,0.000263159,0.000577408,-0.000756867,0.00016477,0.002117839,0.001796469,0.000553095
789.0098877,9.99E-06,0.005138015,0.000326312,0.00034056,-0.000493986,-0.000361321,0.001897023,0.001688428,0.000694791
788.0325928,0.000130252,0.005106374,0.000663991,0.000220656,-0.000574651,-0.000201139,0.002047637,0.001920943,0.001116472
787.0549927,-0.000263077,0.005085054,0.000404139,0.000668554,-0.000644755,-0.000647495,0.002448089,0.002001864,0.000546253
785.9371948,0.000104695,0.005479432,0.000649421,0.000693547,-0.000208953,0.000150605,0.00303515,0.002200176,0.000903012
784.9587402,-0.000549625,0.005040008,0.000233917,0.000640425,-0.000854431,-0.000360649,0.001885687,0.001676241,0.000889628
783.9799194,-0.0004929,0.004941918,-2.23E-06,0.00021659,-0.000576512,-0.000625886,0.00232284,0.001791946,0.000102003
783.0007324,0.000108113,0.005228237,0.000409917,0.00108655,-0.000341198,-0.000148198,0.002485603,0.002188989,0.000767809
782.0212402,0.000124685,0.004981874,0.000353306,0.000289709,-0.000637156,-0.000138675,0.002088706,0.002125564,0.000477341
781.0412598,-0.000498433,0.004789879,5.09E-05,0.00034157,-0.000882436,-0.000224943,0.002104911,0.00234798,0.000331026
780.0609741,-1.37E-05,0.004676878,0.000338436,0.000299474,-0.00061353,-0.000342647,0.002356257,0.00207838,0.000507532
778.9402466,-0.000303329,0.005077668,-0.000118645,0.000320535,-0.000533338,-0.00076126,0.001953497,0.001895879,0.00021211
777.9591675,0.000249069,0.00508364,0.000208199,0.00031626,-0.000560277,-0.000231359,0.002161906,0.002236472,0.000568491
776.9777222,0.000158296,0.005046922,9.43E-05,0.000373669,-0.000584009,-9.49E-05,0.002383534,0.002626395,0.000564707
775.9958496,0.000254249,0.005313813,0.000174455,0.000573209,-0.00024088,0.000347166,0.002474981,0.002374814,8.66E-05
775.0136719,-0.000391995,0.004909533,-0.000292723,6.68E-06,-0.000992937,-0.000398616,0.001441936,0.002115446,-4.75E-05
774.0311279,-0.000351544,0.004980434,-4.12E-05,0.000581296,-0.000881196,-0.000183337,0.001919201,0.001621726,0.000410357
773.0482178,-0.000828492,0.005360565,6.48E-05,0.000487318,-0.000950734,-0.0002133,0.001795845,0.002197054,0.000340145
772.0649414,0.000310095,0.005326234,0.000667154,0.000874505,-0.000201346,0.000312504,0.00251242,0.002719404,0.000786506
770.9407959,-0.000413047,0.004859505,-0.000244295,0.000390743,-0.000947428,-0.000713039,0.001304202,0.002270013,0.000176993
769.9567261,-5.90E-05,0.005068842,0.000273546,0.000279788,-0.000736297,-6.31E-05,0.002042071,0.002391655,0.000128569
768.97229,-0.000286515,0.004777342,0.000319524,0.000205506,-0.000573099,-0.000148612,0.002035023,0.002536842,0.000267977
767.9875488,-0.00022665,0.005126176,-3.57E-05,0.000185021,-0.000696757,-0.000397582,0.001740379,0.002548794,0.000369135
767.0023804,-0.000119059,0.005429758,0.000365172,0.000677109,-0.000629711,1.57E-05,0.00233554,0.00283544,0.000481409
766.0168457,0.000169638,0.005740451,0.000243733,0.000567662,-0.000790821,0.000134731,0.002102726,0.002777288,0.000602448
765.0310059,8.13E-05,0.005390992,0.000357788,0.000844366,-0.000560173,-0.000228823,0.002127906,0.002973661,0.000595656
764.0447998,-0.000223752,0.005183936,0.000287947,0.000334757,-0.000919066,-0.000201346,0.001778534,0.002728417,0.000175154
763.0581665,0.000236895,0.004971741,-0.000100322,0.000287507,-0.000892821,-0.000325058,0.001729957,0.002517965,0.000205557
761.9302368,0.000265749,0.005429758,0.000363954,0.000605066,-0.000543938,-0.000154978,0.002267384,0.002755249,0.000477289
760.9428711,-8.97E-05,0.005008426,0.000205739,0.000377426,-0.000830094,-0.000346371,0.001792622,0.002911477,0.000441295
759.9551392,0.000298438,0.00550743,0.000493071,0.000970669,-0.000125684,0.00018357,0.00217187,0.003021647,0.000453396
758.967041,0.000114716,0.004949302,1.73E-05,7.08E-05,-0.001042315,-0.000702701,0.001664391,0.00244723,1.76E-05
757.9785767,0.000233554,0.005545367,0.000423079,0.000560819,-0.000634157,-0.000200829,0.002334811,0.002995946,0.000426862
756.9898071,-0.000425202,0.00489084,3.65E-06,0.00011526,-0.000785756,-0.000532148,0.001679255,0.002324089,0.000206412
756.0006714,0.000220397,0.005129424,0.000344161,0.000389888,-0.000486539,-6.06E-05,0.001878148,0.002972071,0.000446348
755.0111694,0.0003317,0.005088695,0.000139108,0.000691369,-0.000688435,-5.75E-05,0.002050914,0.002900923,0.000450131
754.0213013,0.000205998,0.005399117,0.000534745,0.000623186,-0.000538043,0.000107958,0.002316932,0.003126552,0.000513
753.0310669,-1.30E-05,0.0047009,5.17E-05,-0.000137899,-0.000917258,-0.000658712,0.002169867,0.002630614,0.000245883
752.0404663,-0.00030483,0.004893589,0.000125358,0.000253161,-0.000896386,-0.000536854,0.001766396,0.002635979,-3.99E-06
751.0495605,-0.000387806,0.005089061,-0.000125995,6.83E-05,-0.000965611,-0.000599726,0.00168149,0.002584884,0.000284347
750.0582275,-0.000314504,0.004833119,-0.000276633,-0.000210971,-0.000788805,-0.000730043,0.001808036,0.002310816,-7.99E-05
749.0665894,-0.000354803,0.004715344,5.05E-05,1.16E-05,-0.001018866,-0.000389564,0.001463623,0.002404383,-0.00010731
747.9328613,-7.73E-05,0.004912177,9.86E-05,0.000187429,-0.000922011,-0.000475886,0.001844351,0.002105691,0.000334342
746.9404907,4.15E-05,0.005162246,-0.000162585,0.000340663,-0.001122465,-0.00074529,0.001944344,0.002563297,1.01E-05
745.9477539,0.000150527,0.004944249,-0.000304468,0.000126161,-0.000754335,-0.000502363,0.001671174,0.002646422,0.000430956
744.9545898,0.000338125,0.005448788,-9.75E-05,0.000243215,-0.000865075,-0.000458768,0.001884751,0.002624572,0.000312556
743.9611816,6.22E-05,0.005366094,0.000108528,0.000280928,-0.000807719,-0.000582613,0.002126501,0.002642698,0.000398231
742.9673462,1.22E-05,0.004576804,-0.000361477,-0.000264319,-0.001033896,-0.000747978,0.001433053,0.002418674,-0.000279892
741.9732056,-0.000262663,0.004838616,-0.000528891,-0.00037384,-0.001240598,-0.000598485,0.001376958,0.002037155,-8.42E-05
740.9786987,0.000119584,0.005282106,5.68E-05,8.76E-05,-0.000972792,-0.000571497,0.001748462,0.002252292,-0.000213248
739.9838257,-3.24E-05,0.00505195,-0.000247451,-0.00014385,-0.001006212,-0.000452199,0.001539316,0.002421224,6.83E-05
738.9886475,0.000316753,0.005167406,0.000132505,-1.57E-05,-0.000863422,-0.000411702,0.001964236,0.00246639,0.000203278
737.993042,0.000115803,0.004747219,-0.000343526,-0.000103842,-0.00097398,-0.000594246,0.001732712,0.001879578,-0.000150992
736.9971924,6.89E-05,0.004995857,3.61E-05,0.000165469,-0.000907183,-0.000358424,0.001688065,0.002226038,2.86E-05
736.0009155,3.49E-06,0.005133274,-1.54E-05,-7.77E-06,-0.000797229,-0.000309175,0.001685492,0.002292158,4.28E-05
735.0043335,-8.45E-05,0.004877044,-0.000154408,-0.000124701,-0.000722032,-0.000565396,0.001451442,0.002081085,0.000122354
734.0073853,-8.93E-05,0.00470527,-0.000233118,-0.000443304,-0.001029971,-0.000733868,0.001438949,0.002005921,-0.000241863
733.0100708,0.000162957,0.005167642,0.000210193,5.95E-05,-0.000757591,-0.000337267,0.001877524,0.002296373,0.00012818
732.0124512,-0.0002608,0.00477551,4.58E-06,-0.000228254,-0.000829267,-0.000407668,0.001687051,0.002115264,-8.83E-05
731.0144653,-0.000144264,0.004974988,7.87E-05,-0.000122837,-0.000541559,-0.000257179,0.001744564,0.002290882,7.61E-06
730.0161133,-0.000272028,0.005001199,-9.90E-05,-0.000305451,-0.000750975,-0.000614512,0.001692145,0.002285027,6.13E-05
729.0174561,4.71E-06,0.005063788,0.000166634,0.000298905,-0.000421012,-1.47E-05,0.001991436,0.002276154,0.000141852
728.0184326,8.03E-05,0.00521946,0.000233502,0.000226484,-0.00046518,-5.21E-05,0.001989044,0.002257991,0.000437123
727.019043,0.00020377,0.005283155,0.000287792,0.000274556,-0.000589437,-7.50E-05,0.001746279,0.002346341,0.000370146
726.0193481,0.000203952,0.005483757,0.000353539,8.86E-05,-0.000470197,-6.09E-05,0.002072527,0.002449443,0.00029792
725.0192871,4.41E-05,0.0052678,0.000206257,-0.000119111,-0.00064584,-0.0003308,0.001713688,0.002271027,0.000288673
724.0189209,-1.60E-05,0.005050353,5.64E-05,-7.39E-05,-0.000913331,-0.000285532,0.001721329,0.002049405,0.000233062
723.0181885,-3.25E-05,0.005287635,0.000459175,-7.46E-06,-0.000509706,-0.000226909,0.001885349,0.002213003,0.000315043
722.0170898,0.000262589,0.005394295,0.000436035,0.000136907,-0.000429598,2.29E-05,0.001956799,0.002280603,0.000457568
721.015686,0.000365741,0.005534171,0.000550685,0.000409994,-0.000253505,0.000176759,0.002170257,0.0024534,0.000726294
720.013916,-0.00014442,0.005293007,0.000339757,3.43E-05,-0.000669361,-0.000266854,0.001851526,0.002056948,0.000220993
719.0118408,0.000144183,0.005486274,0.000574842,0.000143898,-0.000217025,-7.16E-05,0.002272875,0.002414405,0.000639362
718.0093994,7.59E-05,0.005351785,0.000354005,0.000258004,-0.000314918,-5.64E-06,0.001828312,0.002188104,0.000381131
717.0066528,-2.11E-05,0.005284019,0.000403776,0.000150398,-0.000465698,-0.000215111,0.002052006,0.002126501,0.000392246
716.00354,0.000160082,0.005444253,0.000543764,0.000271914,-0.000340526,7.22E-05,0.002312664,0.002318207,0.000254767
715.000061,5.53E-05,0.005398305,0.000588943,0.000294708,-8.94E-05,0.000128491,0.002093336,0.002362607,0.000532516
713.9962769,7.40E-05,0.00540145,0.00042168,0.000447255,-0.000387754,1.35E-05,0.00230621,0.002252422,0.000603122
712.9921875,0.000123416,0.005476994,0.000517899,0.000449717,-0.000321023,0.000100553,0.002172078,0.002139196,0.000498565
711.9876709,6.20E-05,0.005472406,0.000494807,0.000606025,-0.000275081,1.15E-05,0.002251095,0.002191981,0.000534252
710.9829102,6.97E-05,0.005600481,0.000663654,0.000580777,-0.000264371,0.000175309,0.002368594,0.002291923,0.000575775
709.9777832,-0.000153891,0.005432064,0.000645143,0.000801392,-6.75E-05,0.00015581,0.002347069,0.002211286,0.000593142
708.97229,-7.29E-05,0.005551266,0.000740244,0.00067895,-0.000164086,0.000160859,0.002321669,0.002192371,0.000554624
707.9664917,-3.17E-05,0.005563222,0.000667076,0.000846571,-0.00023524,8.95E-05,0.002568922,0.002178634,0.000622123
706.9603271,-0.000109277,0.005577486,0.000643302,0.000841643,-0.000335197,5.09E-05,0.002440774,0.002247531,0.000512275
705.9538574,-1.23E-05,0.00568794,0.000743175,0.000825848,-0.000129825,0.000122328,0.002369687,0.002290388,0.000704203
704.9470825,0.000175465,0.005797295,0.000825926,0.000716649,-9.34E-05,0.000322581,0.002490263,0.002445954,0.000629304
703.9399414,1.73E-05,0.005791708,0.000686624,0.000532905,-0.000146645,0.000379654,0.002531895,0.002256872,0.000539099
702.9324951,-0.000107983,0.005745828,0.000660698,0.000522019,-0.000397478,0.000376856,0.00257814,0.002300875,0.000470888
702.0686646,-7.13E-05,0.005941002,0.000806242,0.000488588,-0.000224011,0.000243552,0.002632801,0.002592592,0.000569761
701.0606079,-7.75E-05,0.005934888,0.000649136,0.000413285,-0.000187426,0.000339498,0.002580588,0.002488649,0.000625052
700.0521851,-0.000129566,0.00584667,0.000770584,0.000429687,-0.000164448,0.000365379,0.00281345,0.002550226,0.000586584
699.043396,-6.75E-05,0.005740896,0.000798539,0.000442643,-0.000281703,0.000323462,0.002839401,0.002491878,0.000628707
698.0343628,-0.000106327,0.005952601,0.00064268,0.00045065,-0.00026494,0.000543479,0.002695414,0.002750247,0.000659661
697.0249023,-0.00027684,0.005585614,0.000661605,0.000329135,-0.000411858,0.000309681,0.002594858,0.002625926,0.000629122
696.0151978,-0.000461819,0.005869995,0.000493848,0.000195716,-0.000276892,0.00033556,0.002511665,0.002600613,0.000437642
695.005127,-0.000117869,0.005980158,0.000562348,0.000466794,-0.000209884,0.00040901,0.002683407,0.002646995,0.000607425
693.994751,-0.000110312,0.006140438,0.000812336,0.000493797,-0.000165742,0.000596849,0.003027251,0.00294619,0.000888824
692.9840088,-0.000190686,0.006153618,0.000719579,0.000480088,-0.000252729,0.000311649,0.002609259,0.0028184,0.00076003
691.9729614,-0.000381702,0.006051182,0.000531842,0.00036499,-0.000165069,0.00044412,0.002828614,0.003011246,0.000636381
690.9616089,0.000139729,0.006248279,0.000847323,0.000597134,-0.000229134,0.000467804,0.002909496,0.003094979,0.001064752
689.9498901,-6.28E-05,0.005990813,0.000570565,0.000363306,-0.000380719,0.000517665,0.002789194,0.002942229,0.000563748
688.9378662,-0.00015741,0.006180163,0.00066272,0.000181395,-0.000308141,0.000468374,0.002786432,0.003231743,0.000662513
688.0701904,-3.91E-05,0.006268317,0.000521371,0.000558642,-0.000314763,0.000868202,0.002762934,0.003303493,0.000906774
687.0575562,2.78E-05,0.005851209,0.000692017,0.000301702,-0.000298518,0.00026694,0.002610353,0.003259232,0.000542469
686.0445557,-0.000228772,0.006048741,0.000552758,0.00036955,-0.000437304,0.000277405,0.002586655,0.003127621,0.000780049
685.031311,-0.000225046,0.006099877,0.000577278,0.000658391,-0.000363649,0.000363902,0.002765799,0.003084707,0.000619556
684.0177002,2.80E-05,0.006203874,0.000811065,0.000562478,-0.000266595,0.000174506,0.002781118,0.003153616,0.000921819
683.0037842,-0.00032692,0.006203848,0.00075697,0.000660076,-0.000411858,-3.56E-05,0.0027751,0.003180005,0.000731247
681.989502,-9.93E-05,0.006428205,0.000956504,0.000674828,-0.000300277,0.000295356,0.00295466,0.003389734,0.000785495
680.9749756,-0.000295465,0.006203664,0.000541717,0.000484856,-0.000469525,5.02E-05,0.002898186,0.003107206,0.000715067
679.960083,-0.000339853,0.006142801,0.000588865,0.000588709,-0.000414133,-8.54E-06,0.002744646,0.003315518,0.000859902
678.9448853,-0.000304778,0.00597092,0.000733166,0.000362503,-0.000641808,-0.000327541,0.002495054,0.002981297,0.000481409
677.9293213,-0.000311917,0.006441052,0.000504241,0.000469411,-0.000407202,-2.02E-05,0.002700598,0.003079962,0.000619919
677.0585938,-6.53E-05,0.006438188,0.000592468,0.000779738,-0.000158497,0.000197037,0.002964721,0.003128559,0.00090597
676.0424805,-0.000277564,0.006426918,0.000919536,0.000841747,-0.000118076,0.000318592,0.003203318,0.003115184,0.001086316
675.026062,-3.06E-05,0.006534199,0.000823021,0.00086994,-0.00017956,0.00018761,0.003015234,0.002830203,0.001082216
674.0092773,-0.000263439,0.006475865,0.00089798,0.000490194,-0.00026018,-0.000133344,0.003166628,0.002899385,0.000943766
672.9921875,-0.000206469,0.006435298,0.000773773,0.00077813,-9.07E-05,2.66E-05,0.003273941,0.002739358,0.000559368
671.9747925,-0.000331214,0.006840029,0.00080938,0.00058,-0.000140849,6.16E-05,0.003515005,0.002978456,0.000731921
670.9570923,-0.000244812,0.006704096,0.000581762,0.000375405,-0.000246778,-9.01E-05,0.003512343,0.00299433,0.000824733
669.9390869,-0.000460785,0.006392844,0.000538166,0.000634981,-0.000291016,-0.000129825,0.003783775,0.002833772,0.000715637
669.0662231,-0.000127185,0.006412705,0.000588035,0.000743019,-0.000225926,-9.25E-05,0.004145427,0.002763481,0.000777222
668.0476074,1.03E-05,0.00665486,0.000912481,0.000910665,-0.000237413,0.00012717,0.004010021,0.003110361,0.00091287
667.0286255,-0.000380047,0.006544106,0.000618079,0.000752665,-0.000266026,-0.000159014,0.004040171,0.002711486,0.000769935
666.0093994,-0.000319988,0.006547601,0.00092156,0.000688024,-0.000264371,0.000155059,0.004087988,0.00290676,0.00084268
664.9898682,-0.000294017,0.006395077,0.000829401,0.000696554,-0.000424426,-0.000103842,0.004005971,0.002728339,0.000968464
663.9699707,-0.000273942,0.006452901,0.000573416,0.000565977,-0.000222097,0.000136182,0.003725392,0.002639104,0.000663368
662.9497681,-0.000369856,0.006641244,0.000656291,0.000519557,-0.000362821,-5.98E-05,0.003829187,0.002701119,0.000654295
661.9292603,-0.000145765,0.006757991,0.000634696,0.000574401,-0.000258679,-2.21E-05,0.003707951,0.002651579,0.000808446
661.0543213,-9.49E-05,0.00675502,0.000749891,0.000635136,-0.000439063,6.09E-05,0.003686544,0.002793337,0.00080204
660.0332031,-0.00026168,0.006792829,0.000744523,0.000609291,-0.000350199,0.000180437,0.00361734,0.00275392,0.00081786
659.0118408,-0.000220027,0.006688901,0.000654735,0.000634955,-0.000432132,1.37E-05,0.003656183,0.00280196,0.000962367
657.9901123,-0.000306278,0.006584446,0.000697695,0.000531557,-0.00048778,-8.91E-05,0.003706385,0.002485603,0.000849191
656.9680786,-0.000496313,0.006473054,0.000496829,0.000393179,-0.000689831,-0.000242432,0.003560232,0.002389442,0.000698966
655.9457397,-0.000246002,0.0064771,0.000571783,0.000639569,-0.00074591,-5.92E-05,0.003573516,0.002391394,0.000589098
655.0692139,-0.000191617,0.00668346,0.000669409,0.00046783,-0.000339026,4.01E-05,0.003568114,0.002413051,0.000762519
654.0463257,-0.00021035,0.006775055,0.000843848,0.000467623,-0.00051798,-2.18E-05,0.003655895,0.002619728,0.00097277
653.0231323,-4.25E-05,0.006763223,0.000863093,0.000711618,-0.000423598,4.43E-05,0.003423755,0.002791903,0.000809769
651.9995728,-0.000320764,0.006886604,0.000826237,0.000684835,-0.0003592,-1.00E-05,0.003483377,0.002612879,0.00073021
650.975769,-1.28E-05,0.007092816,0.000651132,0.001004216,-0.000297794,9.07E-05,0.00353249,0.00258965,0.000936087
649.9516602,-0.000130704,0.006851968,0.000821776,0.000720745,-0.000286774,0.000409424,0.003512395,0.002748371,0.000744704
648.9271851,-0.000243363,0.006806134,0.000932222,0.000795427,-0.000291016,0.000166815,0.003470434,0.002607983,0.001034937
648.0488281,-0.000290188,0.006820123,0.000556542,0.000659143,-0.000509034,7.91E-05,0.003232343,0.002628791,0.000770973
647.0238647,0.0001519,0.007217027,0.001384385,0.000789203,0.000106663,0.000408284,0.003476853,0.00282408,0.001470038
645.9985352,-0.000367167,0.006839951,0.000887319,0.000926359,-0.000162844,0.000198927,0.00321414,0.002746678,0.000930795
644.9729004,-0.000171901,0.00693989,0.000785832,0.000592105,-0.000196016,-1.18E-05,0.003189314,0.002605483,0.000815863
643.9469604,-8.44E-05,0.006894651,0.000675709,0.000901664,-0.000466991,7.14E-05,0.003106737,0.002516273,0.000836222
643.0673828,-0.000119939,0.006810131,0.000949733,0.000681309,-0.000234774,0.000219491,0.003205091,0.002722921,0.000719423
642.0408936,-0.000109898,0.006886235,0.000834173,0.000809691,-0.000428202,0.000205583,0.003007493,0.002672285,0.000995186
641.0140991,-0.000344095,0.006846893,0.00060167,0.000746675,-0.000577339,4.13E-05,0.002830437,0.002482479,0.000855104
639.9869995,-0.000186235,0.007007652,0.000946334,0.000916242,-0.000408961,2.49E-05,0.003207725,0.002636838,0.001101342
638.9595947,3.62E-07,0.006909406,0.000972407,0.000939589,-0.000489487,0.000113939,0.003282496,0.002518512,0.001057745
637.9318848,-0.000408754,0.006932131,0.000808057,0.000753988,-0.000291637,9.30E-05,0.003144829,0.002553429,0.000974586
637.0507813,-0.000211437,0.006927791,0.000762389,0.000879252,-0.000422254,0.000111635,0.003004938,0.002604702,0.001078583
636.022522,-0.000179611,0.006894362,0.000790785,0.000631118,-0.000452096,2.71E-05,0.003113229,0.002660226,0.00090833
634.9939575,-0.000198241,0.007073503,0.000879719,0.000866024,-0.000313987,0.000153427,0.002985989,0.002982314,0.000871315
633.9650879,-0.000324075,0.006897387,0.000792315,0.00081537,-0.000488659,0.000150786,0.003300911,0.00265434,0.000992358
632.9359741,-0.000220648,0.007355491,0.000944881,0.000751913,-0.000345802,-0.000158393,0.003190096,0.002795343,0.000865583
632.0535889,-1.26E-05,0.007608552,0.00086924,0.000996432,-5.12E-05,0.000351467,0.003337012,0.003078267,0.001176375
631.0238647,-0.000157513,0.007714176,0.000999909,0.000720253,-0.000234257,0.00025329,0.00338269,0.003051207,0.000932351
629.9938354,-0.000201243,0.007419157,0.000931366,0.000777663,-0.000306123,0.000187118,0.003280358,0.002958413,0.00099721
628.963562,-0.000184062,0.007519783,0.000891366,0.000820895,-0.000326662,0.000119299,0.003355272,0.00303223,0.001195012
627.9329224,-0.00032899,0.007466874,0.000943247,0.000782461,-0.000379788,0.000237413,0.003290321,0.002860168,0.000895957
627.0493164,-5.45E-05,0.007541276,0.001081489,0.000819572,-0.000214645,0.000182042,0.003579911,0.002823324,0.000997989
626.0181885,-0.000139762,0.007289597,0.001278576,0.000805749,-0.000266492,0.000189682,0.003348959,0.00294176,0.000781216
624.9867554,2.25E-05,0.007427926,0.001318897,0.001013037,-6.95E-05,0.000305018,0.003406431,0.003152417,0.001182734
623.9549561,-0.000199638,0.007465267,0.001238285,0.000808368,-0.000279323,0.000165987,0.003330125,0.003017372,0.001001725
623.0703735,-0.000200104,0.007163338,0.00118398,0.000630081,-0.000288171,-0.000134586,0.003113125,0.003132131,0.000697903
622.0380859,-0.000208694,0.007217607,0.000984757,0.00084268,-0.000215525,0.000124374,0.003229448,0.002952002,0.001119197
621.0054932,-0.000114763,0.007363127,0.001064077,0.000824759,-0.000386771,7.87E-06,0.00331544,0.003144073,0.000905062
619.9726563,-0.000247296,0.007378424,0.001117432,0.000637625,-0.000222718,0.000241557,0.00341178,0.003213331,0.001141699
618.9394531,-0.000324541,0.007241321,0.00097373,0.000706614,-0.000247192,8.54E-05,0.003276497,0.003390491,0.000984264
618.0536499,-3.50E-05,0.007380925,0.001113461,0.000702025,-0.000216249,-6.51E-05,0.003416763,0.00348476,0.000995212
617.0199585,-0.000282221,0.007157075,0.000800329,0.000652272,-0.000212575,0.000117978,0.003363411,0.003424199,0.000932611
615.9859619,-0.000398202,0.00746129,0.001049182,0.000683617,-0.000331318,0.000167877,0.003553368,0.003627416,0.000946334
614.9516602,-7.48E-05,0.00753801,0.000956685,0.000837675,-6.46E-05,0.000198617,0.003416372,0.003645428,0.001099915
614.0648804,-0.000129669,0.007420184,0.000904465,0.000819702,-0.00036308,4.02E-05,0.003349012,0.003464955,0.001083955
613.0300293,-0.000118283,0.007563033,0.000963223,0.000699173,-0.000278702,0.000167411,0.003233699,0.003629791,0.001142633
611.9949341,-0.000456492,0.007518414,0.00114066,0.000862367,-0.000160101,0.000227209,0.003386995,0.003667852,0.000911106
610.9595337,-0.00041884,0.00754952,0.001032653,0.000694013,-0.000177645,3.05E-06,0.003339673,0.003583095,0.001092103
610.0717773,-0.000139296,0.007477012,0.001025699,0.000984808,-5.53E-05,0.000141283,0.003445385,0.00359458,0.001116654
609.0358276,-0.000222252,0.007418157,0.000852303,0.000641306,-0.000253712,3.42E-05,0.00341285,0.003502322,0.001084422
607.9996338,-0.000122786,0.00756701,0.000750228,0.000619453,-0.0003129,4.78E-05,0.003447159,0.003211089,0.000918395
606.9630737,-0.000423754,0.00758429,0.000921949,0.000795505,-0.000200001,0.000168291,0.003351229,0.003134948,0.001102717
605.9262695,-7.78E-05,0.00753614,0.000977959,0.000874998,-0.000201553,0.000222884,0.003405988,0.003206603,0.001200073
605.0373535,-0.000159998,0.007356518,0.000904802,0.000719527,-0.000387133,-3.75E-05,0.003299085,0.00311435,0.001024039
604,-0.000184993,0.007497186,0.001038362,0.000928045,-0.000229962,0.000188206,0.003396178,0.003191192,0.001166927
602.9624023,-0.00017542,0.007477487,0.000958242,0.000908278,-0.000176351,0.000104773,0.003436723,0.003328169,0.001219101
602.0727539,-0.000169054,0.007585291,0.000919381,0.000747531,-0.000242691,0.000192842,0.003451439,0.003283331,0.001197426
601.0346069,-0.00012056,0.007774706,0.001229432,0.000936087,2.37E-05,0.000423338,0.003654381,0.003437662,0.00137392
599.9961548,-0.000160101,0.007695151,0.001147928,0.000999052,-4.86E-05,0.000351285,0.003622561,0.00358119,0.001309109
598.9574585,-0.000196689,0.007692411,0.00087933,0.00089012,-0.000213921,0.000221304,0.003608936,0.003630914,0.00127868
598.0668945,-0.000329817,0.007616877,0.001012077,0.000777611,-7.32E-05,0.000185797,0.003836918,0.003535073,0.001218867
597.0276489,-5.94E-05,0.007555078,0.001154806,0.00096382,-0.000119163,0.000292325,0.003942516,0.00369294,0.001325389
595.9881592,-0.000343837,0.007558502,0.000895594,0.000733943,-0.000293034,3.47E-05,0.003684847,0.00351811,0.001200541
594.9483032,4.46E-05,0.007748037,0.001203681,0.000983823,7.30E-05,0.000338461,0.004096637,0.003898686,0.001441312
594.0568237,-0.000214645,0.007788779,0.001220762,0.001042539,-0.000110157,0.000430671,0.003738368,0.004053732,0.001151509
593.0165405,-0.000160929,0.007714044,0.001103366,0.00074499,-0.000402858,0.000190588,0.003634934,0.003974595,0.001226655
591.9758911,-0.000194826,0.007668619,0.001039503,0.000799473,-0.000255782,0.000206024,0.003478158,0.004109337,0.001196933
590.9349976,-0.000273529,0.007807517,0.001243996,0.000965324,-0.00016864,0.000351674,0.003545512,0.004145558,0.001248902
590.0426025,-0.000297845,0.007691278,0.001250745,0.000747531,-0.000120508,0.000167592,0.003379403,0.004229248,0.001224864
589.0012207,-0.000181578,0.007878155,0.001200696,0.000913362,-0.00019731,0.000190614,0.003637466,0.004121385,0.001335022
587.9595337,-3.32E-05,0.007754229,0.001223072,0.000778545,3.00E-05,0.000430257,0.003842611,0.004003149,0.0012954
587.0664063,-6.18E-05,0.008044571,0.00127328,0.000867839,-5.00E-05,0.000372141,0.003776046,0.004015873,0.001358392
586.024231,-0.000264888,0.007983977,0.001077207,0.000783783,-1.76E-05,0.000485115,0.003823285,0.003701424,0.001423314
584.9817505,-0.000358528,0.007739103,0.001231483,0.000817964,-0.000142039,0.000280954,0.003563651,0.003612459,0.001249889
583.9390259,-0.000319833,0.007864317,0.001211235,0.000747116,-7.64E-05,0.000317763,0.003697378,0.003357046,0.001353795
583.0449829,-0.000238655,0.007943612,0.00130659,0.000906177,0.00010542,0.000541017,0.003861049,0.00349632,0.001394617
582.001709,-0.00029143,0.007915614,0.00124397,0.000838142,-0.000260645,0.000400356,0.003735105,0.00332796,0.001300956
580.9581909,-4.32E-05,0.008162197,0.001435079,0.000972277,9.96E-05,0.000634799,0.003973707,0.003496033,0.001397941
580.0635376,-0.000117713,0.008062476,0.001102094,0.000869292,-7.35E-05,0.00057606,0.003734844,0.003405831,0.001488506
579.0194702,-0.000351596,0.007923233,0.001182942,0.000877644,-4.52E-05,0.00053573,0.003780224,0.00341692,0.001332997
577.9751587,-0.000370943,0.007942215,0.001193065,0.000965091,-9.74E-05,0.000433418,0.003628095,0.003484186,0.001376465
576.930542,-0.000379426,0.00811261,0.001295166,0.000970876,1.03E-05,0.000458113,0.003649917,0.003470434,0.001355068
576.0349731,-0.000239638,0.007912504,0.001168562,0.000883376,-4.97E-06,0.000436165,0.003784689,0.003562059,0.001313964
574.9898682,-0.000195136,0.008009684,0.001394903,0.00093217,3.91E-05,0.000605221,0.003725496,0.003672263,0.001378958
573.944519,-0.000259817,0.00797148,0.001142218,0.001046795,9.84E-06,0.000540162,0.003776125,0.003541911,0.001394955
573.0482788,-0.000236171,0.008078405,0.001289792,0.000963249,0.000114923,0.000666972,0.003910701,0.003609771,0.001496948
572.0023804,-0.000227737,0.00796291,0.001232288,0.000877333,-8.41E-05,0.000436786,0.003820256,0.0035927,0.001496766
570.9562378,-0.000183337,0.008018676,0.001241789,0.00100323,6.26E-05,0.000591975,0.003944501,0.003646681,0.001434222
570.0593262,-9.19E-05,0.008226587,0.001292207,0.000957905,0.000175154,0.000519272,0.003945468,0.003635116,0.001483675
569.0126953,-0.000239224,0.008154495,0.001488688,0.00094649,1.00E-04,0.000586065,0.004066797,0.003603506,0.001538433
567.9657593,-0.000316987,0.008290012,0.001544252,0.001067891,0.00011513,0.000693054,0.003971826,0.003633603,0.001516014
567.0682373,-0.000179197,0.008172748,0.001366493,0.00098896,2.29E-05,0.000488562,0.004014018,0.003707038,0.001507624
566.020813,-0.000267009,0.008116567,0.001518144,0.001049909,0.000161429,0.000494833,0.004045475,0.00378576,0.001408303
564.9731445,-0.000263646,0.008168026,0.00133819,0.000993448,5.39E-05,0.00053897,0.003870086,0.003690642,0.001492974
563.9251709,-8.17E-05,0.008307216,0.001545265,0.001088107,0.000295019,0.00064058,0.004075576,0.004027996,0.001685206
563.0267334,-0.00018106,0.008210285,0.001352575,0.00091012,0.000159901,0.000490894,0.003801297,0.003856531,0.001420899
561.9782715,-1.28E-05,0.008467486,0.001429859,0.001183668,0.000279892,0.000787933,0.004021908,0.003973185,0.001674916
560.9295654,-0.000228099,0.008328563,0.001441962,0.001089171,0.00012251,0.000669565,0.003911223,0.004065856,0.001663586
560.0305176,-0.000330955,0.008344975,0.00129553,0.000995524,0.000123468,0.000500561,0.003878235,0.003861075,0.001508585
558.9813232,-0.000203416,0.008322625,0.001403706,0.001134743,0.000227183,0.000678898,0.003940061,0.003978984,0.001605564
557.9318237,-0.000122268,0.008553782,0.001407654,0.001278187,0.000362011,0.000746753,0.003906208,0.004040093,0.001708984
557.0321045,-0.000184579,0.008433834,0.001392981,0.001098046,0.000245676,0.000599415,0.003987266,0.003929847,0.001619647
555.9821777,-0.000199121,0.008635079,0.001428716,0.001028009,0.000335327,0.000741282,0.003961298,0.004049917,0.001687519
554.9319458,-0.000263439,0.008603208,0.00141316,0.001047859,0.000225914,0.000703555,0.003864262,0.004040642,0.001644019
554.0315552,-0.000222511,0.008614192,0.001518976,0.001040801,0.000230317,0.000688828,0.003935202,0.00416495,0.001607799
552.980896,-9.62E-05,0.008609518,0.001653192,0.001131058,0.000292273,0.000699432,0.004005449,0.004289006,0.001635237
551.9299316,-0.000258627,0.008527145,0.001305578,0.001041943,0.000197788,0.000640192,0.003890119,0.004259021,0.001588105
551.0288696,-3.78E-05,0.008638405,0.00150313,0.001234962,0.00042738,0.000695362,0.004021934,0.004506884,0.00173791
549.977417,-0.000217336,0.008596765,0.001440949,0.001208847,0.000431915,0.000767083,0.004010125,0.004541175,0.001648618
548.9257202,-0.000206055,0.008811927,0.001492714,0.001071524,0.000375405,0.000747064,0.004146316,0.004582376,0.001658571
548.0241089,-0.00028905,0.008668774,0.001327466,0.001050998,0.000302557,0.000640943,0.004018486,0.004451097,0.001636276
546.9719238,-0.000247503,0.008546126,0.001387112,0.000992748,0.00036771,0.000604366,0.004000119,0.004517948,0.001675669
546.0698242,-0.0003562,0.008468173,0.001395474,0.000850928,0.000305173,0.000707237,0.003982224,0.004595849,0.00154368
545.0171509,-0.000114401,0.008820064,0.001618088,0.001144502,0.000636744,0.000820246,0.00423594,0.004793282,0.001770633
543.9642334,-0.000308089,0.008543169,0.001413783,0.000971862,0.000320664,0.000742708,0.003960436,0.004537409,0.001488844
543.0615845,-0.000123044,0.008909574,0.001593015,0.001202435,0.000639829,0.000916268,0.004117935,0.004777682,0.001757975
542.0081787,-0.000100064,0.008730546,0.00162991,0.001160594,0.000566236,0.000896968,0.004144931,0.004826994,0.001718288
540.9545288,-0.000105033,0.008537836,0.001582467,0.001146422,0.000525285,0.000825693,0.004127317,0.004842621,0.0017737
540.0512085,-0.000115229,0.008600435,0.001522586,0.00111206,0.000457206,0.000834744,0.004112839,0.004886521,0.001819058
538.9970703,-0.000267941,0.008597611,0.001523677,0.000981513,0.000424556,0.000760911,0.003936325,0.004734186,0.001638563
537.942688,-0.000185407,0.00874465,0.001542251,0.001040801,0.000481979,0.000781475,0.004152562,0.004910266,0.00179478
537.0387573,-7.75E-05,0.008835598,0.001689936,0.001161943,0.000651806,0.000904517,0.004227157,0.0051075,0.001903185
535.9838867,-0.000110416,0.008845372,0.001729827,0.001197919,0.000596278,0.000913881,0.004255336,0.005160674,0.001887507
534.928772,-6.22E-05,0.009026536,0.001701084,0.001130279,0.000694117,0.000907448,0.004234946,0.005141447,0.001877212
534.024231,-0.000144368,0.008927489,0.001711375,0.001273202,0.000750124,0.00095915,0.004366266,0.005224884,0.001934021
532.9686279,-0.000128479,0.008727007,0.001721355,0.00123722,0.000582488,0.000930224,0.00436773,0.005207828,0.001881293
532.0636597,-6.71E-05,0.008879296,0.001756701,0.001335853,0.000664976,0.001000168,0.004467965,0.005368296,0.001969099
531.0076294,-0.000161343,0.009071839,0.001723304,0.001152781,0.00061966,0.00094278,0.004416916,0.005217626,0.001972609
529.951355,-0.000136656,0.009274755,0.001771516,0.001239764,0.000745379,0.000991373,0.004511696,0.005322565,0.001967981
529.0457764,-0.000167657,0.008936843,0.001723824,0.001243295,0.000605455,0.00089881,0.004454287,0.005331606,0.001939586
527.9890137,-9.21E-05,0.008943,0.0017534,0.001298827,0.000555532,0.000883558,0.004462368,0.005409811,0.001989694
526.9320068,-0.000144057,0.009095179,0.001764655,0.001268866,0.000650847,0.00104996,0.004595744,0.005494925,0.002046232
526.0258179,-0.000126823,0.009096368,0.001796625,0.001405057,0.000707107,0.001053593,0.004691244,0.005537868,0.002064724
524.9683228,-0.000147732,0.009030712,0.001699915,0.001278213,0.000732958,0.001019628,0.004716496,0.005326024,0.002029821
524.0617676,-0.000109898,0.009205528,0.001809388,0.001340968,0.00076423,0.001059069,0.004736699,0.005350816,0.002185242
523.0038452,-0.000153839,0.00932458,0.001815652,0.001370648,0.000685328,0.001003852,0.004633209,0.005317691,0.002072085
521.9456787,2.82E-05,0.009345817,0.001945826,0.00149726,0.000789203,0.001010961,0.004915318,0.005454764,0.002248493
521.0384521,-1.59E-05,0.009521501,0.002015856,0.001616477,0.000894582,0.001209808,0.004867227,0.005357157,0.002256091
519.9798584,-0.000215318,0.009438108,0.001911141,0.001428379,0.000725776,0.001006421,0.00476478,0.005265651,0.002094636
519.0722656,-0.000312745,0.00934103,0.001886155,0.001388748,0.000613802,0.000963586,0.004764858,0.005135475,0.002171974
518.0131836,-0.000160049,0.009273882,0.001944058,0.00136478,0.000638247,0.001038984,0.004907281,0.005171624,0.002197132
516.9538574,-0.000329455,0.009324315,0.001961714,0.001294206,0.000498798,0.001044511,0.004812127,0.005142809,0.002129649
516.0456543,-0.000148974,0.009534096,0.002067247,0.001515287,0.000816538,0.001154131,0.004931786,0.005324295,0.002198433
514.9859009,-0.000240828,0.009610256,0.002021655,0.001390073,0.000675605,0.001216089,0.005000545,0.005185193,0.002214954
513.9258423,-9.74E-05,0.009722536,0.002241286,0.001485051,0.000769261,0.001185927,0.005093435,0.005299636,0.002354773
513.0170898,-0.000215214,0.009689897,0.00212879,0.001517677,0.000749061,0.001188704,0.005222002,0.005351287,0.002363414
511.956604,-0.000112175,0.009760896,0.002244018,0.00151191,0.000818794,0.001255003,0.005192581,0.005283207,0.002291819
511.0474548,-0.000218267,0.009787874,0.002362035,0.001565009,0.000825589,0.001361975,0.005401738,0.00535244,0.002350245
509.9865112,-0.000359149,0.009722642,0.001997964,0.001484584,0.000670109,0.001231457,0.005222971,0.005291487,0.002319665
508.925354,-0.000263439,0.009924538,0.002140704,0.001434768,0.000693754,0.001226136,0.005188913,0.005352755,0.002258277
508.0155945,-0.000211023,0.009865641,0.002176943,0.001674448,0.000839231,0.001301398,0.005329221,0.005487139,0.002382961
506.95401,-8.37E-05,0.010084082,0.002157588,0.001802006,0.000913025,0.001305837,0.0053776,0.005554071,0.002551085
506.0438538,-0.000226961,0.01002723,0.002040016,0.001654023,0.000859773,0.001302748,0.005264865,0.005499906,0.002609702
504.9818115,-0.000107206,0.010075684,0.002105093,0.001704904,0.000878241,0.001304929,0.005455158,0.005500535,0.002659679
504.0712891,-0.00019819,0.010197095,0.002255155,0.00177947,0.001021574,0.001341332,0.005471961,0.005682144,0.00266817
503.0087891,-0.000193532,0.010229586,0.002169945,0.001748956,0.000912792,0.001365585,0.005471803,0.005579688,0.002595405
501.9460754,-0.000388271,0.0102316,0.002135163,0.00158917,0.000904854,0.001233456,0.005293977,0.005343871,0.002631343
501.0349731,-0.00024119,0.010399688,0.002218987,0.001731751,0.000933908,0.001225435,0.005399196,0.005368846,0.002712475
499.9718018,-0.000235964,0.010359443,0.00218186,0.001642097,0.001009509,0.0013425,0.005454843,0.005334227,0.002693278
499.0603333,-0.000166725,0.010389587,0.002350791,0.001760522,0.000924413,0.001502585,0.00554243,0.005463703,0.002744177
497.9967041,-0.000278185,0.010423816,0.002395715,0.001833147,0.000965817,0.001403629,0.005596574,0.005399851,0.002740296
496.9328613,-0.000251228,0.010419786,0.002365158,0.00197729,0.001032472,0.001454532,0.005583385,0.005342089,0.00275082
496.020813,-0.000322575,0.010383356,0.002455352,0.001882541,0.001093608,0.001395786,0.0057047,0.005469418,0.002658429
494.956543,-0.00019405,0.010446195,0.002420053,0.001866085,0.001055877,0.001488636,0.00564291,0.005398226,0.00266481
494.0441284,-0.000260542,0.010565375,0.002265407,0.001801798,0.001045861,0.001425833,0.005541696,0.005334489,0.002670227
492.9794006,-0.000177852,0.010844067,0.002469228,0.001953965,0.001152548,0.001668419,0.005712411,0.005562042,0.002764861
492.0666199,-0.000196844,0.010684137,0.002660721,0.002033904,0.001196829,0.001649398,0.005749159,0.005672336,0.002902173
491.0014648,-0.000258472,0.010592908,0.002555277,0.001960518,0.00105201,0.001533653,0.00567981,0.005652273,0.002732038
489.9360962,-0.000280565,0.010848446,0.002572723,0.001893617,0.001175207,0.001615827,0.005804772,0.005761461,0.002822699
489.0227356,-0.000271511,0.010908379,0.002582306,0.002024464,0.001232392,0.001714598,0.005996509,0.005946644,0.002902981
487.9569397,-0.000286204,0.010715232,0.002622202,0.002105171,0.001260766,0.001607123,0.006082315,0.006090164,0.002849745
487.0432129,-0.000153839,0.010724121,0.002656033,0.002008548,0.001186705,0.001605045,0.006266741,0.00626057,0.002984321
485.9769592,-0.000204503,0.010855984,0.002666034,0.001962052,0.001326739,0.001670212,0.006225905,0.006410156,0.002911763
485.0628662,-0.000148198,0.011216908,0.002810115,0.002094272,0.001467857,0.001842402,0.006296077,0.006407608,0.003018806
483.9962158,-0.000218216,0.010693979,0.002751627,0.002085767,0.001209548,0.0016633,0.006497884,0.006396864,0.002956485
482.9293518,-0.000165121,0.010745108,0.002771062,0.00209885,0.001187043,0.001711661,0.006386303,0.006490684,0.003058507
482.014679,-0.000269907,0.010811158,0.002679187,0.002042617,0.001355535,0.001608111,0.006254162,0.006357303,0.002982601
480.9473877,-0.000197258,0.010927863,0.00292826,0.002147,0.001487285,0.001769047,0.006235779,0.006383387,0.003133279
480.0323486,-0.000227633,0.011085439,0.002923204,0.002199135,0.001586468,0.001908384,0.006188881,0.006541321,0.003209055
478.9646301,-0.000321178,0.011027101,0.002864597,0.002201867,0.001551032,0.001789035,0.006287515,0.006599321,0.0031022
478.0492554,-0.000182613,0.011160943,0.002994251,0.002127203,0.001694977,0.001867904,0.006183577,0.006756834,0.003378934
476.9811096,-0.000131584,0.011159163,0.002984191,0.002245371,0.001610969,0.001844351,0.006137472,0.006772741,0.003231143
476.0653687,-0.000271769,0.0113887,0.002971106,0.002172885,0.001644175,0.001971829,0.006231578,0.006875347,0.003167853
474.9967957,-0.000314866,0.011289777,0.002829864,0.002172468,0.001579713,0.001863953,0.006162729,0.006690978,0.003236568
473.928009,-0.000195964,0.011373739,0.002848546,0.00225937,0.001656726,0.001987562,0.006348555,0.006782417,0.00324194
473.0117188,-0.000193222,0.011539877,0.002924324,0.002291403,0.001665379,0.001945566,0.006369255,0.006839162,0.003279706
471.9425354,-0.000199069,0.011701533,0.002786615,0.002391004,0.001793298,0.002049977,0.006468245,0.00693847,0.003507724
471.0258789,-0.000271718,0.011661353,0.003006998,0.002384809,0.00173739,0.002067221,0.006611885,0.006856465,0.003312388
469.9562683,-0.000306589,0.011720414,0.002933472,0.002374398,0.001734869,0.002114275,0.006516251,0.006778367,0.003457466
469.0392761,-0.000227582,0.011732993,0.003010073,0.002456185,0.001721121,0.002135007,0.006607811,0.00675481,0.003520668
467.9692383,-0.000252988,0.011927338,0.003056734,0.002501406,0.0018306,0.002332027,0.0067317,0.006828538,0.003544756
467.0519104,-0.000221113,0.011805763,0.003171348,0.002672858,0.001884361,0.002188885,0.006791251,0.006943546,0.003679939
465.9814453,-0.00014975,0.012022574,0.003212523,0.00262353,0.001982023,0.002239777,0.006763144,0.006876478,0.003588681
465.0637512,-0.000108138,0.012147885,0.003292825,0.002803549,0.002239985,0.002427576,0.006952542,0.007242559,0.003808897
463.9929199,-0.000179818,0.012016187,0.003150566,0.002591993,0.002219013,0.002322007,0.006791093,0.006972402,0.003777012
463.0748596,-8.50E-05,0.01233203,0.003274541,0.002887059,0.002264964,0.002452489,0.006930421,0.007000838,0.00384141
462.0036011,-0.000109536,0.012560802,0.003379925,0.002750012,0.00223962,0.002339314,0.007027488,0.007033433,0.003910623
460.9321289,-0.000187891,0.012555925,0.003366829,0.002796932,0.002396366,0.00247256,0.00705548,0.007201683,0.003943744
460.0135498,-0.000407564,0.012299353,0.003279966,0.002883177,0.002271964,0.002372185,0.007131839,0.007267959,0.003864131
458.9416809,-0.000285325,0.012302283,0.003375699,0.00289016,0.002116148,0.002410734,0.007139128,0.007097131,0.003948394
458.0227661,-0.000155599,0.01257495,0.003377603,0.0030748,0.002242821,0.002590509,0.007419026,0.007523128,0.004166492
456.9505005,-0.000213662,0.012635069,0.003519519,0.002900584,0.002245007,0.002576161,0.007365838,0.007443805,0.004125618
456.0312195,-9.69E-05,0.012776257,0.00356707,0.003072375,0.002225128,0.002736623,0.007543199,0.007662639,0.004192472
454.9585266,-0.000270579,0.012700447,0.003477949,0.00295453,0.002078068,0.002524839,0.007396144,0.007540064,0.00411101
454.0389404,-0.000266026,0.012798359,0.003461406,0.002964538,0.002146011,0.002623165,0.007394222,0.007632077,0.004257479
452.9658508,-0.000252522,0.013035245,0.003721032,0.003194008,0.002313315,0.002751471,0.007588452,0.007846762,0.004275883
452.0458984,-0.000311193,0.01277034,0.003522781,0.003109005,0.002338039,0.002655824,0.007509696,0.007638058,0.004282654
450.9724426,-0.000236275,0.013015053,0.003606351,0.003154581,0.002353081,0.002834189,0.007642431,0.007878235,0.004370161
450.0521545,-0.00039603,0.013175684,0.003688501,0.003194738,0.002303322,0.002752748,0.007612345,0.007612108,0.004295987
448.9782715,-0.00036158,0.013181101,0.003655008,0.003249816,0.002474539,0.002864884,0.007633105,0.007718787,0.004403449
448.0576477,-0.000246623,0.013476162,0.003846633,0.003417024,0.00244533,0.002937042,0.007782928,0.007738181,0.00447113
446.9833984,-0.000308555,0.013341713,0.00393865,0.003344759,0.002525594,0.002888154,0.007949122,0.007824253,0.004584757
446.0624084,-0.000398565,0.013386026,0.003741867,0.003388664,0.002389052,0.002872545,0.007911713,0.007749697,0.004546773
444.9877625,-0.000221476,0.013542841,0.004045815,0.003549375,0.002703671,0.003068283,0.008095388,0.007914903,0.004633052
444.0664673,-0.000211333,0.013678341,0.004164976,0.003566156,0.002710965,0.003150774,0.008223475,0.008036238,0.00470315
442.9914246,-0.000302812,0.013764557,0.004213016,0.003707403,0.002766555,0.003173851,0.00818016,0.008071521,0.004721468
442.0697937,-0.000194619,0.013803141,0.004223968,0.003656914,0.00281741,0.003191661,0.008317797,0.008069834,0.004925267
440.9943542,-0.000315746,0.013814926,0.00428864,0.003664823,0.002826112,0.003322665,0.008338246,0.008269723,0.004832779
440.0723877,-0.000410823,0.013874949,0.00440609,0.003627808,0.002835727,0.003269142,0.008343234,0.008335001,0.004945532
438.996582,-0.000311659,0.013860357,0.004291961,0.003725392,0.0028468,0.003352977,0.008366271,0.008346717,0.004877856
438.0742798,-0.000213869,0.014223092,0.004450024,0.003819264,0.00302136,0.003528209,0.008635184,0.008461732,0.005125652
436.9980774,-0.000350975,0.014208782,0.004601395,0.003864392,0.00295956,0.003423781,0.00848116,0.008343524,0.005088485
436.07547,-0.000108345,0.014182919,0.00463627,0.00387369,0.003102591,0.003596328,0.008567327,0.008537361,0.005199418
434.9988708,-0.000359045,0.014440312,0.004604352,0.003904432,0.003122797,0.003565634,0.008575563,0.008528069,0.005248149
434.0759277,-0.000305761,0.014568971,0.004841888,0.003961873,0.003094379,0.003673882,0.008646882,0.00870844,0.005211051
432.9989624,-0.000252315,0.014522476,0.004822256,0.004124782,0.003196981,0.003879749,0.008861778,0.009190986,0.005384257
432.0756836,-0.000305451,0.014586613,0.004821392,0.004248121,0.003337429,0.003911928,0.008958274,0.009400279,0.005320548
430.9983521,-0.000358321,0.014510217,0.004718877,0.004035834,0.003170148,0.003712338,0.008858212,0.009430965,0.005261145
430.0747681,-0.00019436,0.014917377,0.004878693,0.004261479,0.003481289,0.003936377,0.009135598,0.009714727,0.005570799
428.9970398,-0.000164293,0.015114761,0.005114284,0.004301921,0.003549871,0.004212075,0.009299719,0.009815648,0.005615113
428.0731201,-0.000368874,0.015268797,0.005053103,0.004334262,0.003587062,0.004040197,0.009396391,0.009699135,0.005610813
426.9950256,-0.000298259,0.015194613,0.005121356,0.004400782,0.003711946,0.004197829,0.009493693,0.009709009,0.005737644
426.0707703,-0.000260438,0.015350689,0.005083771,0.004460224,0.003620708,0.004205488,0.009591731,0.009583951,0.005805926
424.9923096,-0.000434615,0.015345139,0.005205051,0.004477695,0.003817854,0.004326,0.009664434,0.00949618,0.00578717
424.067749,-0.000253815,0.015588141,0.005278857,0.004737379,0.003979768,0.004407058,0.010101569,0.009575826,0.006128361
422.9888916,-0.00024207,0.015613096,0.005334384,0.004696582,0.003966105,0.004418903,0.009959684,0.009403771,0.006130619
422.0640259,-0.000233325,0.015666068,0.005460951,0.004813174,0.004160716,0.004573822,0.01006045,0.009592525,0.006161338
420.9848022,-0.000384547,0.015627719,0.005388476,0.004808986,0.004030112,0.004581016,0.010163599,0.009554445,0.006180373
420.0596008,-0.000326662,0.015818205,0.005391333,0.004911496,0.00411668,0.004715659,0.010189118,0.009683359,0.006347058
418.980011,-0.000346216,0.015850261,0.005491648,0.004938803,0.004213931,0.004672744,0.010331581,0.009922472,0.006382599
418.0545044,-0.000349217,0.016030289,0.005740555,0.005064888,0.004340982,0.004905448,0.010759251,0.010322038,0.006620821
416.9745483,-0.000383512,0.016160738,0.005805664,0.005169738,0.004413805,0.00494307,0.010874801,0.010594154,0.006567784
416.0487366,-0.000225512,0.016463449,0.005903976,0.005315883,0.004646736,0.005219565,0.011173772,0.010784833,0.006853441
414.9684143,-0.000134845,0.016715741,0.006190167,0.005472695,0.004716679,0.005350291,0.011324848,0.011039289,0.007059664
414.0422668,-0.000151355,0.016560573,0.006040735,0.005423441,0.004727408,0.005360355,0.011392208,0.011013879,0.007107472
412.9616089,-0.00036339,0.016790481,0.00619022,0.005515452,0.004847359,0.005340988,0.011245703,0.010832363,0.007095921
412.0351563,-7.90E-05,0.017128341,0.006394132,0.00577825,0.005073609,0.005663393,0.011413042,0.010923961,0.007297126
410.9541016,-0.000181267,0.017125621,0.006495361,0.005775811,0.005175186,0.005683875,0.011276068,0.0107428,0.007259352
410.0273438,-0.000247606,0.017251523,0.006681593,0.005772531,0.005203269,0.005851052,0.011237734,0.010956533,0.007275566
408.9459534,-0.00011761,0.017212335,0.006734749,0.005969502,0.00536481,0.005930269,0.011224319,0.010992373,0.007590112
408.0188904,-0.000173919,0.01760244,0.006822621,0.005910771,0.005357708,0.005927277,0.011386627,0.010986453,0.007577494
406.9371338,-0.000389616,0.01755931,0.006934708,0.006081606,0.005500718,0.006076986,0.011420377,0.011118449,0.007735019
406.0097656,-0.000412995,0.017624436,0.007009862,0.00616349,0.005553258,0.006202509,0.011487246,0.01116065,0.007830341
404.9276428,-0.000231152,0.017929224,0.00720671,0.006336499,0.005758865,0.006557903,0.011698129,0.011454953,0.007982949
403.9999695,-0.000371201,0.017773513,0.007191367,0.006370831,0.005568334,0.006457841,0.011717356,0.011419606,0.007920175
403.0721436,-0.000266595,0.018084234,0.007379161,0.006379132,0.00598021,0.006536196,0.011817972,0.011638086,0.008186939
401.9895325,-0.000203778,0.018294241,0.007421685,0.006568599,0.006025432,0.00682036,0.011977921,0.011893443,0.008370309
401.0614014,-0.000328679,0.01831279,0.007470719,0.006694527,0.006170816,0.006843396,0.012065397,0.011966079,0.008392925
399.9784241,-0.000279944,0.018724965,0.00771573,0.006867116,0.006417355,0.007083423,0.0121859,0.012317329,0.008636716
399.0500183,-0.000235757,0.018678455,0.007892338,0.006936734,0.006472555,0.007149443,0.012243834,0.012520408,0.008571366
397.9666748,-0.000224839,0.019132121,0.008311833,0.007197394,0.006705252,0.007342828,0.012540392,0.012975391,0.008911186
397.0379639,-0.000212368,0.019177027,0.008622219,0.007298495,0.006913693,0.007542857,0.012619079,0.013159967,0.009080958
395.9542847,-0.00021806,0.019324148,0.008831291,0.007372894,0.007038853,0.007662138,0.012692504,0.013373532,0.009226443
395.0252686,-0.000305761,0.019541878,0.008888938,0.007524077,0.007165944,0.007766167,0.012969471,0.013656169,0.009225121
393.9412231,-0.000225615,0.019551083,0.008995906,0.007610923,0.007199657,0.00792637,0.01306216,0.014227747,0.009485121
393.0119019,-0.000448114,0.019620517,0.00900016,0.007601308,0.007242505,0.007933488,0.013102338,0.014191772,0.009384514
391.9275513,-0.000399858,0.019819753,0.009043504,0.008017331,0.007504534,0.008065931,0.01359842,0.014593466,0.009767144
390.9979248,-0.000302036,0.020069366,0.009178798,0.008138985,0.007602098,0.008261887,0.013849506,0.014819067,0.009989429
390.0681763,-0.000301363,0.020284839,0.009134647,0.008267903,0.007863711,0.008503782,0.01424195,0.015167539,0.010186388
388.9833069,-6.56E-05,0.02072737,0.00932413,0.008557849,0.008241493,0.008906932,0.014514446,0.015361014,0.010391867
388.0532837,-6.68E-05,0.020890418,0.009305141,0.008787493,0.008335898,0.008823393,0.014602729,0.015319529,0.010560627
386.9680786,-0.000332663,0.021080807,0.009627539,0.008824767,0.008533745,0.009029681,0.014708461,0.015233621,0.010829523
386.0377502,-0.000171901,0.021215744,0.009591731,0.009049477,0.008682532,0.009255636,0.014838486,0.01520598,0.010951782
384.952179,-0.000221838,0.021759614,0.009958227,0.009226787,0.008922072,0.009450939,0.015053602,0.015247911,0.011119246
384.0215759,-0.00052584,0.021542894,0.009798041,0.009254366,0.008856758,0.009367717,0.014773455,0.015219144,0.011037191
382.9356689,-0.00018313,0.021942735,0.010386379,0.009546453,0.009320507,0.009666842,0.015279629,0.015536627,0.011406611
382.0047607,-0.000357131,0.022280214,0.010363499,0.009436177,0.00938663,0.010010595,0.015214399,0.01563907,0.011595919
381.0737305,-0.000215059,0.022265801,0.010509149,0.009741941,0.009614781,0.010006991,0.015516935,0.015828917,0.011745812
379.9873657,-0.000203623,0.023042565,0.011073198,0.010179684,0.009912885,0.010168633,0.015825186,0.016282571,0.011945113
379.0560303,-8.28E-05,0.023447342,0.011061222,0.0103486,0.010339613,0.010613014,0.01614698,0.01676823,0.012338181
377.9693298,-0.000204089,0.023669252,0.011026332,0.010575878,0.010370312,0.010773077,0.016291143,0.016809559,0.012336051
377.0377197,-0.000422254,0.023646237,0.011336034,0.010692043,0.010331422,0.010834088,0.016663151,0.017314341,0.012695729
375.9506836,-0.000399237,0.024381254,0.011526214,0.010766443,0.01072871,0.010910635,0.016772347,0.017933216,0.013027403
375.0187683,-0.000352165,0.024464717,0.011697464,0.011053389,0.010934924,0.011354554,0.017247053,0.018857684,0.013132752
373.9313965,-0.000250918,0.024726689,0.012034205,0.011263104,0.011336034,0.011509388,0.017670106,0.019686846,0.01348468
372.9992371,-0.000361114,0.024785636,0.012160849,0.01145793,0.011330002,0.011664278,0.017646058,0.020227123,0.013554191
372.066925,-0.000437201,0.024944594,0.012354827,0.011719696,0.011706718,0.011964856,0.017978406,0.020858994,0.013815033
370.9790955,-0.000468128,0.025274647,0.012637494,0.011995484,0.011944447,0.012007273,0.018183772,0.021260381,0.014167621
370.0465088,-0.000448734,0.025406448,0.012846163,0.012233824,0.01216809,0.012247429,0.018415134,0.021490995,0.014551733
368.958313,-0.000445786,0.025902838,0.013086357,0.012422613,0.012638373,0.012728594,0.019045644,0.022107111,0.014804496
368.0254822,-0.000114194,0.026491268,0.01356613,0.012682908,0.012734699,0.013013079,0.019192584,0.022402715,0.015049448
366.9369812,-0.000350562,0.026717246,0.013619227,0.01310287,0.012810436,0.012964536,0.019370133,0.022651145,0.015222334
366.0038452,-0.000370063,0.02704256,0.013862656,0.013288996,0.013256942,0.013269993,0.01965104,0.023035795,0.015712041
365.0705872,-0.000252315,0.027171178,0.014335983,0.013663515,0.013550826,0.013606726,0.019980535,0.023679942,0.015924234
363.9815979,-0.000411133,0.027738374,0.014606531,0.013680799,0.013782379,0.013803195,0.020311503,0.023814978,0.016189916
363.0480652,-0.000234464,0.028275725,0.014848718,0.013846407,0.014196399,0.01420009,0.020563407,0.023522757,0.01650163
361.9588013,-0.000337887,0.02789179,0.014784222,0.014214479,0.014121168,0.014151708,0.020666339,0.024246808,0.016586201
361.0249939,-0.000294534,0.028261082,0.015354927,0.014491937,0.01449009,0.014577378,0.020945532,0.024010539,0.016954936
359.9353943,-0.000337163,0.02884716,0.015693979,0.014840174,0.014642191,0.01479772,0.021297434,0.023947185,0.017436607
359.0013123,-0.00041222,0.029526422,0.015856544,0.015119184,0.015087049,0.015076756,0.021713052,0.023965128,0.017667841
358.0671082,-0.000204296,0.029852185,0.01603687,0.015490403,0.015539685,0.015433241,0.021948589,0.023576539,0.01802557
356.9770508,-0.000328886,0.030096065,0.016415354,0.015673447,0.015589,0.015642641,0.02244251,0.02362027,0.018246939
356.042572,-0.000306744,0.030653233,0.016604248,0.015878506,0.015872035,0.01589996,0.02270793,0.023427233,0.01845219
354.952179,-0.000248952,0.030800432,0.016872715,0.016354602,0.016172962,0.016193248,0.023103194,0.023471577,0.018796023
354.0174561,-0.00048385,0.03118347,0.016980993,0.016588785,0.016384574,0.016399439,0.02319791,0.023479719,0.019033743
352.9267578,-0.000326248,0.031649366,0.017428577,0.016914429,0.01671453,0.01663526,0.023610894,0.024006272,0.019460192
351.9917603,-4.26E-05,0.03226655,0.017846547,0.017170807,0.017253974,0.017140109,0.024185635,0.024509249,0.01982948
351.0566406,-0.000189651,0.033065643,0.01808561,0.017511524,0.017309006,0.017461209,0.024352012,0.024615394,0.020290535
349.9655151,-0.000340681,0.033623755,0.018425182,0.017852508,0.017456224,0.017740265,0.024845276,0.025050929,0.020691153
349.0301208,-0.000271304,0.034219947,0.018693317,0.018185716,0.018039439,0.018111492,0.025353152,0.025275417,0.021054206
347.9386597,-0.00037834,0.034448612,0.018980872,0.01846718,0.018144662,0.01828452,0.025450144,0.025681265,0.021293357
347.0030212,-0.000257541,0.035024781,0.019446468,0.018784562,0.018589636,0.018718343,0.025961641,0.02610888,0.021830954
346.0672607,-0.000397582,0.035111748,0.019634357,0.019048212,0.018658295,0.018841058,0.026123889,0.026219567,0.022174858
344.9753723,-0.00030721,0.035606574,0.020099271,0.019673033,0.019253816,0.019294677,0.026864382,0.026754657,0.022590388
344.0393372,-0.000320454,0.035518553,0.020263031,0.019759526,0.019467989,0.019454833,0.026963005,0.027072728,0.022767257
342.9471436,-0.000394633,0.036085006,0.020507148,0.019978585,0.019748012,0.019728454,0.027356623,0.027650222,0.023116518
342.0108643,-0.000393289,0.036521245,0.021155432,0.020516265,0.020170717,0.020351404,0.027956635,0.028208762,0.02361054
341.0744629,-0.000404771,0.036634818,0.021422757,0.020823985,0.020741979,0.020718927,0.028245198,0.028662156,0.02386814
339.9818115,-0.000643049,0.03699265,0.021626849,0.021309152,0.020926734,0.021000572,0.028616229,0.029012289,0.024057815
339.045166,-0.000496364,0.037032962,0.02195891,0.021497549,0.02122833,0.021155678,0.029057898,0.029444028,0.024391137
337.95224,-0.000127444,0.037428875,0.022646755,0.022102727,0.021674465,0.021754526,0.029752348,0.030153969,0.025369536
337.0153198,-0.000388788,0.038017124,0.022815736,0.02237663,0.022031235,0.022145655,0.030157272,0.03075147,0.025576809
335.9220886,-0.000298777,0.038593352,0.023388194,0.022948511,0.02267921,0.022607759,0.030577652,0.031461217,0.025945649
334.9849243,-0.000363132,0.039050106,0.023793677,0.023300566,0.022736816,0.023029299,0.031082688,0.03243703,0.026343212
334.0476379,-0.000328834,0.039363112,0.024124881,0.023536393,0.022968188,0.023332031,0.031640761,0.03316725,0.026678514
332.9539795,-0.00034632,0.040244814,0.024611149,0.024001839,0.023555687,0.023715999,0.032197211,0.033766117,0.027428005
332.016449,-0.000108914,0.040792048,0.025399504,0.024561647,0.024130408,0.024382705,0.032978944,0.034559622,0.02797066
330.9225159,-0.000250245,0.041335329,0.025789756,0.025236979,0.024552226,0.02476426,0.033319719,0.034830928,0.028461615
329.9847412,-0.000230428,0.041687798,0.026146652,0.025455523,0.024978317,0.02531888,0.03380638,0.035191853,0.02891483
329.0468445,-0.000306227,0.042148333,0.02677572,0.02590237,0.025351781,0.025639523,0.034201212,0.03519671,0.029206606
327.9524536,-0.000498226,0.042610329,0.027107416,0.026355727,0.02587319,0.026144948,0.034912527,0.035755403,0.029872842
327.0143127,-0.000423598,0.043414682,0.027524743,0.026758457,0.026259908,0.026716061,0.03540457,0.036028918,0.030246349
326.0760498,-0.000138623,0.043756876,0.027908159,0.027395662,0.026889965,0.027188787,0.036168527,0.036764506,0.030763557
324.9812927,-0.000304157,0.044679366,0.028592313,0.027742181,0.027352707,0.027741492,0.036766026,0.037612997,0.031525955
324.0427856,-0.000640619,0.044669095,0.028754441,0.027807416,0.027492367,0.027958155,0.037147965,0.037988503,0.031568684
322.9477234,-0.000192652,0.045685947,0.029426355,0.028512059,0.028031154,0.028666221,0.037996244,0.039006237,0.032456946
322.0089722,-0.000359045,0.046137098,0.030029625,0.029125741,0.028782928,0.029422699,0.03876441,0.039771087,0.033016734
321.0700989,-0.000218371,0.046845876,0.030796375,0.029756008,0.029353453,0.030260004,0.039398175,0.04059279,0.033681292
319.9746094,-0.000256402,0.047836166,0.031557966,0.030492727,0.030072844,0.031097092,0.040303521,0.04155663,0.034156654
319.0355225,-0.000143281,0.048365042,0.03181041,0.030670846,0.030316293,0.031485431,0.040674739,0.041712672,0.034877881
317.9397583,-0.00039572,0.049114361,0.032703411,0.031470872,0.030905096,0.032281104,0.041372512,0.042597935,0.03540856
317.0004272,-0.000477903,0.049807899,0.033297166,0.032139927,0.031640373,0.032908544,0.042082816,0.043302126,0.036048494
316.0609741,-0.000833401,0.050626785,0.0336757,0.032293402,0.031985335,0.033598725,0.042752896,0.043449897,0.036597952
314.9648132,-0.000290447,0.051779408,0.034635369,0.033284001,0.033222549,0.034958001,0.043669734,0.044460684,0.037535518
314.025116,-0.000507483,0.051789559,0.035039961,0.033400085,0.032812133,0.035260547,0.043992363,0.044677418,0.037874859
312.9286804,-0.000233377,0.05323619,0.035880107,0.03447498,0.034047171,0.036477182,0.044842307,0.045911696,0.038873132
311.9887695,-0.00028905,0.054632697,0.036890145,0.035256058,0.034839258,0.037554171,0.046009649,0.046890341,0.039908413
311.0487366,-0.000308296,0.055094447,0.037356,0.035582777,0.035221271,0.038204346,0.046483461,0.047252659,0.040183872
309.9519043,-0.000277202,0.056718953,0.038340613,0.036579873,0.03610073,0.039858047,0.04767964,0.048478425,0.041327044
309.0116272,-0.00033049,0.057446141,0.039391089,0.036929265,0.036727488,0.040391523,0.048152912,0.049043585,0.042279165
308.0712585,-0.000561001,0.057921957,0.039847262,0.037548244,0.037385594,0.041128736,0.048752371,0.049693789,0.042538803
306.9740295,-0.000423598,0.059185937,0.040808626,0.038594965,0.038030744,0.042422391,0.049696401,0.050748672,0.043785591
306.0334167,-0.000253764,0.060359307,0.041803356,0.039452512,0.038977779,0.043665413,0.050755888,0.051835962,0.044883493
304.9359131,-0.000328627,0.062138315,0.042831738,0.040326215,0.039994404,0.044957098,0.05164478,0.052776758,0.045972899
303.9950867,-0.000378702,0.062738411,0.043618441,0.040785734,0.040557206,0.045694605,0.052387226,0.053560883,0.046237893
303.0541382,-0.000298673,0.06372042,0.044611119,0.041531023,0.041448656,0.046562698,0.05317685,0.054671802,0.04728432
301.9562683,-0.000185666,0.064948536,0.045636863,0.042550195,0.042685032,0.047919262,0.054323334,0.055641305,0.048349649
301.0151062,-0.000539129,0.065691516,0.04636547,0.043202523,0.043381296,0.04867262,0.054751545,0.056670904,0.048813105
300.073822,-0.000484367,0.066898406,0.047501311,0.044202846,0.044099741,0.049562767,0.055744011,0.057546258,0.050071731
298.9755554,-0.000382633,0.068340681,0.048608977,0.045421433,0.045573521,0.051093202,0.057097215,0.058811486,0.051300656
298.0340576,-0.000373115,0.069456175,0.04960664,0.046462778,0.046406515,0.052069716,0.058103997,0.059843555,0.052355893
296.9355164,-0.000297845,0.070645235,0.05102909,0.047386423,0.047421586,0.053274963,0.05915672,0.061081626,0.053446691
295.9938049,-0.000238241,0.071624026,0.051884439,0.048299104,0.048293866,0.054199528,0.060322899,0.062199369,0.054656886
295.0519714,-0.000163103,0.073088385,0.052862324,0.049363621,0.049411189,0.055314731,0.06138454,0.063283429,0.055544864
293.953064,-0.000244088,0.073058553,0.053520031,0.049755905,0.049913034,0.055763081,0.061848965,0.063861966,0.05612864
293.0110168,-0.000280462,0.075052984,0.055147849,0.051244438,0.051065426,0.057388794,0.063182853,0.065502264,0.057658959
292.0688782,-0.000303381,0.076874122,0.057435356,0.053018302,0.052804995,0.058666512,0.065069012,0.067114852,0.059272777
290.969574,-0.000421943,0.078275189,0.059152093,0.053987958,0.054120708,0.059582122,0.06651812,0.068522625,0.060444832
290.0272217,-0.000369598,0.078650124,0.060271982,0.054196861,0.054269891,0.060073663,0.067269385,0.069366246,0.061180588
288.9276733,-0.000449355,0.080225863,0.062228795,0.055844177,0.056043547,0.061560459,0.069152981,0.071128882,0.062589467
287.9850769,-0.000320247,0.081727341,0.063827842,0.057301149,0.057175044,0.062842928,0.070720717,0.072880633,0.064127877
287.0424194,-0.000382012,0.083661571,0.06582626,0.058876432,0.058980823,0.064258389,0.072964534,0.07477922,0.065993503
285.9425049,-0.000230583,0.085050993,0.066942409,0.060200464,0.060021497,0.065437496,0.074482799,0.076414779,0.067119658
284.9996033,-0.000336077,0.085691631,0.06769976,0.060684014,0.060680561,0.066322722,0.075376615,0.07716912,0.068272941
284.0566101,-0.000191514,0.087473862,0.068647124,0.062080525,0.062004231,0.067617327,0.076929219,0.078359887,0.069479473
282.9563293,-0.000345802,0.089679621,0.069850199,0.064262621,0.064188339,0.069458909,0.079498775,0.081063718,0.071717724
282.0131226,-0.000552779,0.090266168,0.070590049,0.065268807,0.065061346,0.069989532,0.08049532,0.081845783,0.072580859
281.0698242,-0.000117351,0.091315642,0.071281001,0.06617076,0.065836743,0.071195543,0.08156652,0.082775369,0.073649772
279.9691772,-0.000270372,0.093312368,0.07316938,0.067758963,0.067731552,0.072238088,0.083497174,0.084820069,0.075866543
279.0256653,-0.000301363,0.094959386,0.07430768,0.06926015,0.069092132,0.07355915,0.085071959,0.08662609,0.076810874
277.9247742,-0.000114194,0.096593633,0.076103486,0.071011685,0.070892386,0.074799053,0.086556666,0.088046089,0.078883216
276.9810486,-0.000314556,0.097625405,0.077270024,0.072223015,0.071987115,0.075879522,0.088033475,0.089710966,0.07966543
276.0372314,-0.000460164,0.099648945,0.078555599,0.073472135,0.073446505,0.077498443,0.089519702,0.091748364,0.081354864
274.9359741,-0.000337112,0.100799069,0.080439143,0.075105414,0.074807234,0.078790128,0.091355346,0.093924187,0.083191358
273.9919739,-0.000453596,0.102465607,0.081816867,0.076403484,0.076427005,0.079947636,0.092294976,0.095757738,0.084104359
273.0478516,-0.000196016,0.103673562,0.083219707,0.077852204,0.077540562,0.081036299,0.093966931,0.097819164,0.085832417
271.9462585,-4.61E-05,0.105837874,0.085128009,0.079922713,0.079707533,0.083369188,0.095847264,0.10022454,0.087806478
271.0019226,-0.000236119,0.106645003,0.086216651,0.081119381,0.080778629,0.084121197,0.097235128,0.101534478,0.088559486
270.0574951,-0.00047542,0.107280053,0.087006278,0.081941552,0.081384271,0.084534392,0.098002054,0.102467574,0.089195631
268.9555664,-0.000439115,0.109289765,0.088840865,0.083162673,0.083236665,0.086328581,0.099597894,0.10448847,0.091212444
268.0109253,-0.000479092,0.110501021,0.090338573,0.08490923,0.084507696,0.08733236,0.100965805,0.105865486,0.092543133
267.0662231,-0.000337939,0.112070561,0.09147682,0.085932389,0.085964412,0.089043014,0.102356255,0.107522473,0.093931161
265.9639282,-0.000430064,0.112926371,0.092544638,0.087445907,0.087203778,0.08976762,0.103974745,0.10810329,0.095057458
265.0190125,-0.00045644,0.114683539,0.093907602,0.088916942,0.088316165,0.090902999,0.105105929,0.109025858,0.096356466
264.0740051,-0.000380616,0.116215423,0.095155314,0.089991085,0.08963424,0.092102766,0.106202208,0.109894589,0.0979243
262.971405,-0.000632916,0.117265537,0.096334554,0.091138579,0.090791702,0.093149185,0.107385978,0.110586301,0.098870531
262.0261841,-0.000351441,0.118922181,0.097898133,0.092765026,0.092217118,0.094756141,0.108944051,0.112328105,0.100477666
260.9233398,-0.000502208,0.120507136,0.098785609,0.093539856,0.093449801,0.09564025,0.109278612,0.113105655,0.101515114
259.9779358,-0.000418788,0.120731831,0.099098019,0.094145916,0.093821622,0.095923096,0.109902024,0.113541022,0.102052949
259.0324402,-0.000379064,0.120962717,0.100282356,0.095338278,0.094856195,0.096967377,0.111196242,0.11492756,0.103509136
257.9292603,-0.000302243,0.122131296,0.100925401,0.095771223,0.095645085,0.097655483,0.11210648,0.114943013,0.104065001
256.9835815,-0.000431357,0.123173699,0.101914235,0.096945859,0.096692167,0.098541811,0.113331787,0.116157174,0.105245993
256.0378113,-0.000420805,0.124416813,0.102711283,0.097941458,0.097610235,0.099429175,0.114169844,0.117378369,0.105806992
254.9342804,-0.000544661,0.125579938,0.103883266,0.09900187,0.098563351,0.100437768,0.115581065,0.118629679,0.107196651
253.9883118,-0.000378133,0.126649544,0.104653828,0.100111902,0.099558465,0.101363733,0.11662297,0.119644016,0.107857861
253.0422668,-0.000241863,0.127370283,0.105549023,0.100423873,0.100245014,0.101896495,0.116920196,0.120860472,0.108547032
251.9384155,-0.000538353,0.128576517,0.106549516,0.10179884,0.101606101,0.103140093,0.118687987,0.122310236,0.109905958
250.9921722,-0.000152493,0.129611448,0.107506685,0.102720238,0.102319129,0.103914537,0.119608596,0.123217665,0.110881656
250.0458527,-0.000239741,0.130879104,0.108446568,0.103594728,0.103417128,0.104830518,0.120369002,0.124284245,0.111768268
248.947998,-0.000313987,0.132250071,0.109457523,0.104600042,0.104320839,0.105882101,0.121423259,0.125298113,0.112904415
248.0071259,-0.000236896,0.133693218,0.110559687,0.105618447,0.105459653,0.106893256,0.122787289,0.12611407,0.113845795
247.0661621,-0.000512499,0.133958057,0.111327343,0.106481597,0.106112629,0.107488088,0.123853914,0.126746535,0.114793815
245.968277,-0.000236482,0.13460885,0.112075619,0.106895082,0.106359392,0.108192243,0.124817126,0.12715511,0.11543911
245.0271301,-0.00042546,0.136344284,0.113333434,0.108342208,0.107842863,0.109360285,0.126175329,0.128778577,0.116921045
243.9290314,-0.000543421,0.138465419,0.114937142,0.109696858,0.109618753,0.110857531,0.127565876,0.130171627,0.118703537
242.9877014,-0.000186391,0.139605463,0.116058253,0.110959016,0.110625967,0.112097099,0.128763974,0.131306335,0.119691007
242.0462952,-0.000113262,0.14072232,0.117325224,0.111965329,0.111617751,0.113112271,0.130587876,0.132957861,0.120792538
240.947876,-0.00030276,0.142777368,0.119300902,0.11382962,0.113250405,0.114895351,0.132665515,0.134696588,0.122658551
240.0062866,-0.00030514,0.143936276,0.12026836,0.1146103,0.114218935,0.115807913,0.133949816,0.13598825,0.123994961
239.064621,-0.000284652,0.146949902,0.122665629,0.116923824,0.116558172,0.118454322,0.136591822,0.138718188,0.126213983
237.9658966,-0.000339388,0.149211213,0.124747329,0.118617088,0.118623555,0.120203629,0.139296591,0.140851215,0.12845172
237.0240479,-0.000290809,0.151801676,0.126862422,0.120531395,0.120618559,0.122399613,0.141846567,0.143644273,0.130602285
235.9251099,-0.000574909,0.15422982,0.12920998,0.122745082,0.122554466,0.124431595,0.144752994,0.1467603,0.133096084
234.9830933,-0.000338612,0.156457096,0.131622791,0.124521382,0.124620698,0.126680002,0.147465318,0.149990901,0.135264278
234.0409851,-0.000418375,0.159310311,0.134692848,0.126920879,0.127173677,0.129051834,0.150803983,0.154352129,0.138118923
232.9417572,-0.000413461,0.16170533,0.137201935,0.129060224,0.129066423,0.131280765,0.153548583,0.157894909,0.140765011
231.9994812,-0.00019762,0.166174606,0.14096956,0.13221547,0.132455155,0.134709224,0.157326773,0.162078738,0.144016698
231.0571136,-0.000523978,0.168195173,0.143430889,0.133834913,0.134370297,0.13666302,0.159700126,0.165228725,0.146095634
229.9575958,-0.000408185,0.17197457,0.147225097,0.136871249,0.137459263,0.140034437,0.163218781,0.168829054,0.149603874
