Wavelength (nm),BLANK1,L470JUNE2022,L377JUNE2422,L375JUNE1722,L222JUNE2822,BLANK2,L378JUNE2722,L373JUNE1022,L239JUNE822,L442JUNE822,L114JUNE1022,L224JUNE2922,L626JUNE622
799.9591064,0.000202294,0.000437952,0.00087007,5.79E-05,0.000631066,-0.001227227,-0.000599261,0.000848931,-0.000896282,0.000292532,-0.000358114,-0.001112809,-0.000228047
798.9870605,6.29E-05,0.000533397,0.000918577,6.98E-05,0.00065445,-0.001183033,-0.000722291,0.000517225,-0.00094097,-6.16E-06,-0.00080653,-0.000912866,-0.000419771
798.0146484,5.02E-05,0.000864882,0.001070746,0.000386779,0.000840606,-0.001671549,-0.001141313,-0.000442425,-0.001678254,-0.000427012,-0.001360091,-0.001434197,-0.001346982
797.0418701,0.000265904,0.000536818,0.001201164,0.000281005,0.001069864,-0.001037254,-0.00054735,0.000311934,-0.000970105,-0.000271355,-0.000499002,-0.001305536,-0.000736039
796.0687256,0.000157804,0.000590653,0.000675035,-2.61E-05,0.000921638,-0.001335111,-0.000894577,0.00017101,-0.001381509,-0.000467353,-0.001330776,-0.001717034,-0.000706733
794.9560547,-6.54E-05,0.001125374,0.000890484,8.78E-06,0.000926048,-0.001137079,-0.000975891,0.000453163,-0.00067696,-0.000189858,-0.000702908,-0.001439873,-0.000880937
793.9821167,0.000265412,0.00112989,0.000941846,0.000522667,0.000855312,-0.001611411,-0.001732453,6.44E-05,-0.001968406,-0.000700995,-0.001299548,-0.001743436,-0.001202084
793.0077515,0.000114069,0.00084032,0.000762363,0.00039976,0.000937669,-0.000836605,-0.000782345,0.00024047,-0.001437499,4.29E-05,-0.00034275,-0.000586904,-0.000967109
792.03302,4.15E-05,0.001033613,0.001405135,0.000602785,0.000985457,-0.001617033,-0.000722342,0.000443705,-0.001238533,-0.000306071,-0.001221754,-0.001558951,-0.000928417
791.0579224,9.30E-05,0.000677887,0.000665676,0.000284839,0.00077883,-0.001039268,-0.000955538,0.000266811,-0.000599364,-0.000364425,-0.001029196,-0.001248548,-0.000479764
789.9431152,0.000567714,0.000775433,0.001233456,-0.000378805,0.000808653,-0.00140179,-0.000718673,0.00032569,-0.00105972,-0.000449976,-0.000590058,-0.000994228,-0.000234671
788.9672241,0.00026018,0.001381061,0.001196569,0.000867554,0.001599251,-0.001465569,-0.000909302,2.51E-05,-0.001251851,-0.000470145,-0.000860683,-0.001147406,-0.001138421
787.9909058,-0.000212938,0.000662072,0.000622823,0.000285176,0.001023079,-0.001558641,-0.001077073,-6.32E-05,-0.001635137,-0.001053987,-0.001287418,-0.001321898,-0.001399932
787.0142822,0.000718334,0.000651961,0.00076602,0.000125565,0.001172274,-0.001947945,-0.001557971,-0.000230634,-0.001760813,-0.000791027,-0.000862698,-0.001836913,-0.00123306
786.0372925,0.000183985,0.000425152,0.000498487,0.000305355,0.00105611,-0.001264396,-0.000789012,2.67E-05,-0.001329847,-0.000237051,-0.00059833,-0.000959103,-0.001008175
785.0598755,5.41E-05,0.000766564,0.000812258,0.000343669,0.001480766,-0.002076467,-0.001156958,-0.000312021,-0.001777468,-0.000877682,-0.001209673,-0.001591604,-0.001360401
783.9424438,-8.48E-05,0.000815526,0.001241088,3.00E-05,0.000944674,-0.001224645,-0.001178283,9.95E-05,-0.001554721,-0.000622112,-0.000832006,-0.001514739,-0.001043296
782.9642944,0.000120801,0.000777948,0.001118366,0.000557242,0.000625959,-0.001354569,-0.000985809,0.000234124,-0.001341718,-0.000132154,-0.000488607,-0.000958689,-0.000880834
781.9857178,0.000238087,0.000871108,0.000890873,0.000238708,0.000917124,-0.001509941,-0.000880524,0.000441839,-0.001312711,-0.000125529,-0.000574547,-0.001311007,-0.000747461
781.0068359,0.000235678,0.000696139,0.000740867,0.000120076,0.000449484,-0.001508032,-0.000663365,0.000151822,-0.001156545,-0.000497864,-0.000344095,-0.001143946,-0.000764516
780.0275269,0.000258497,0.000626193,0.001092596,0.000294216,0.000711126,-0.001160624,-0.000839447,0.000348384,-0.001265583,-0.000129825,-0.000719758,-0.001318492,-0.000984311
779.0478516,0.000171036,0.000661372,0.00083241,-5.66E-05,0.000214596,-0.001091843,-0.000979145,0.000705811,-0.001329073,-0.000110467,-0.000507948,-0.001087969,-0.000605982
778.0678711,1.60E-05,0.000657043,0.00101558,0.000330223,0.00088195,-0.00102899,-0.001077589,0.000267692,-0.001113842,-0.000197672,-0.000246054,-0.001065763,-0.001437448
776.9473877,-0.000141366,0.000730002,0.000791096,5.94E-05,0.000989712,-0.001073819,-0.000720171,0.000535341,-0.000976511,-7.34E-05,-0.00042784,-0.000903929,-0.000600502
775.9665527,-0.000149388,0.000907007,0.000518676,-0.000328472,0.000643639,-0.001819075,-0.001296039,0.000335379,-0.001083631,-0.000900312,-0.000955486,-0.000865179,-0.001218553
774.9854126,-0.000207452,0.000862289,0.000481409,-0.000197051,0.00079828,-0.001131863,-0.001116682,1.00E-05,-0.001313485,-0.000397064,-0.000722601,-0.00120069,-0.000997224
774.0038452,0.000576578,0.000776289,0.000853807,-0.000488607,0.000865531,-0.001238842,-0.000636587,0.000770376,-0.000830456,-0.00011409,-0.000195033,-0.000885949,-0.000329662
773.0219727,0.000441088,0.000623263,0.000287222,-3.93E-05,0.00035499,-0.001615847,-0.000921081,0.000316545,-0.001298568,-0.000395202,-0.000908372,-0.000754076,-0.001055588
772.0396729,0.000216849,0.000482057,0.00019468,-0.000287653,0.000258393,-0.001601611,-0.000979817,0.000192893,-0.0006675,-9.33E-05,-0.00041434,-0.000906822,-0.000631624
771.0570679,0.000139833,0.000978841,0.000740504,-9.54E-05,0.000567273,-0.001187989,-0.000836501,0.00061979,-0.001002699,0.000178132,-5.24E-05,-0.000905065,-0.000407306
769.9335938,0.00031968,0.000520646,0.000449613,-0.000186184,0.000467856,-0.001601147,-0.000563017,0.000100113,-0.001091068,-0.000618183,-0.000732834,-0.001197489,-0.000784258
768.9501953,0.000733425,0.000676176,0.000661294,-0.000101409,0.000431189,-0.00129449,-0.001037305,-6.05E-05,-0.00098927,-0.00053008,-0.000625162,-0.001055485,-0.000880937
767.9664307,0.000173315,0.000499757,0.000576656,-5.91E-05,0.00047449,-0.001266202,-0.001293354,-3.54E-05,-0.00100771,-0.00052372,-0.000822446,-0.001134858,-0.000844614
766.9822998,9.93E-05,0.000555454,0.000372115,-0.000172936,0.000588269,-0.000990406,-0.000742758,0.000385639,-0.000841514,-0.000327903,7.13E-05,-0.000594763,-0.000442063
765.9978027,-2.60E-05,0.000919459,0.001122441,0.000585651,0.001217673,-0.001420058,-0.001219586,-0.000305864,-0.000963235,-0.000287136,-0.000476403,-0.001279004,-0.001134084
765.0129395,-0.000152856,0.000413725,0.000588994,-0.000131326,0.000521346,-0.001339395,-0.001141364,9.72E-05,-0.001147767,-8.92E-05,-0.000373788,-0.001004507,-0.000737641
764.02771,0.00070008,0.001028034,0.000783602,0.000344653,0.000758811,-0.001654633,-0.001339602,0.000110858,-0.001493947,-0.000919014,-0.000958896,-0.001356479,-0.001150142
763.0421143,-3.11E-06,0.000581892,0.000781709,-0.000206935,0.000759044,-0.001338414,-0.00109396,3.16E-06,-0.001184065,-0.000599467,-0.000572065,-0.001057603,-0.001072941
762.0561523,0.000392997,0.000625778,0.000977959,5.91E-05,0.001148862,-0.001617498,-0.00116744,-0.00017749,-0.001294851,-0.000671842,-0.000551694,-0.001084716,-0.000911885
761.0698853,-0.000175523,0.00074779,0.000893415,0.000245468,0.001424846,-0.001717086,-0.001062199,0.00015177,-0.000980333,-0.000528891,-0.000526512,-0.001473928,-0.000873859
759.9421997,0.000174921,0.000864001,0.000862418,0.000235549,0.001369947,-0.001172551,-0.001030384,9.77E-05,-0.001086937,-0.000747151,-0.000305244,-0.000858358,-0.000522737
758.9551392,1.34E-05,0.000844211,0.000238553,-0.000179301,0.001315704,-0.001297277,-0.001397197,-0.000210919,-0.001438428,-0.000326713,-0.00071185,-0.00136004,-0.001092514
757.9677124,0.000263392,0.000284787,0.000275773,-0.000417857,0.00098992,-0.001466189,-0.001212461,-0.000251487,-0.001463247,-0.000780123,-0.0006736,-0.001591243,-0.001152879
756.9799194,0.000232648,0.000252591,0.000321985,-0.000481316,0.000720434,-0.001133361,-0.00090925,0.000291833,-0.000873084,-0.00046637,-0.000118852,-0.000730405,-0.000481419
755.9917603,0.000201776,0.000723235,0.000783187,0.000212654,0.001233248,-0.001108419,-0.001030539,0.000168162,-0.001230427,-0.000597244,-0.000393961,-0.000991801,-0.000631676
755.0032959,6.52E-05,0.000815915,0.000574919,4.64E-05,0.001195842,-0.001558745,-0.000638396,-0.000227375,-0.001331756,-0.000507793,-0.000413875,-0.001099537,-0.000726839
754.0144043,0.000245442,0.000285176,0.000418467,-0.000312073,0.000797087,-0.001411595,-0.001391417,3.71E-05,-0.001058532,-0.000497192,-0.000351907,-0.000913486,-0.000567619
753.0252075,0.000102831,0.000340534,7.38E-05,-0.000278961,0.000614087,-0.001828045,-0.001339292,-0.000160722,-0.001444775,-0.000916328,-0.000452303,-0.00130311,-0.001097523
752.0356445,0.000149854,0.000203641,0.00027826,-0.000400789,0.000630237,-0.001489665,-0.000923406,-5.87E-05,-0.000938956,-0.000300743,-0.000115798,-0.000769426,-0.000844201
751.0457153,0.000327944,0.000404916,0.000478248,-0.000102238,0.000641384,-0.001272707,-0.001068655,-0.000123251,-0.001286747,-0.000508362,-0.000305606,-0.000826374,-0.001053574
750.0554199,0.00021962,0.000684498,0.000582229,-0.000269648,0.000905477,-0.000936992,-0.000738571,0.000286523,-0.001228104,-0.000248124,-9.75E-05,-0.000773508,-0.000587007
749.0647583,9.20E-05,0.000620749,0.00031038,-0.000121595,0.000513519,-0.001541772,-0.001223819,-5.12E-05,-0.001178592,-0.000703942,-0.000350975,-0.00101148,-0.000478109
747.9321899,0.000149776,0.000505744,0.000482109,-0.000400944,0.000679157,-0.0014021,-0.001180658,-0.000408392,-0.001142397,-0.000642635,-0.000193636,-0.001192584,-0.001107645
746.9407959,0.000264687,0.000871315,0.000673246,0.000109408,0.000891443,-0.001552348,-0.001272552,7.06E-05,-0.000877217,-0.00040922,-0.000246571,-0.000934564,-0.001062716
745.9490356,6.99E-05,0.000610795,0.000421239,-0.000276736,0.000745612,-0.0015151,-0.001133929,-0.000204348,-0.00060593,-0.00042815,-9.95E-05,-0.000897419,-0.000707715
744.9569092,9.32E-06,0.000569476,0.000538555,-0.000339957,0.000460237,-0.001151743,-0.000893802,4.22E-06,-0.000377357,-0.000472214,-0.000151976,-0.000987668,-0.000451372
743.9644775,0.000124503,0.000752717,0.000933571,-6.07E-05,0.000965454,-0.001207454,-0.000812577,0.000215062,-0.000876649,-0.000645892,-0.000162947,-0.001186182,-0.00086585
742.9716797,0.000396366,0.000497762,0.00053052,-0.000157203,0.000509191,-0.001314311,-0.000986945,-3.06E-05,-0.000568394,-7.14E-05,-5.18E-05,-0.000773973,-0.000628936
741.9785156,0.00038639,0.000684109,0.000398931,-0.000265302,0.000646984,-0.00127823,-0.000821206,7.54E-05,-0.000882642,-0.000429391,-0.000289257,-0.00095714,-0.000588714
740.9850464,0.000197089,0.000731973,0.000293957,-0.000269752,0.000652687,-0.001077951,-0.000909767,-0.000279479,-0.001211067,-0.000260283,-0.000192963,-0.000958999,-0.000608825
739.9911499,-2.81E-05,0.000458553,0.000394552,-0.000420081,6.71E-05,-0.000971965,-0.000736659,-0.00027953,-0.001037305,-0.00040472,-0.000132568,-0.00070725,-0.000709834
738.9969482,1.45E-05,0.000422768,0.000365146,-0.000626092,0.000826626,-0.001559879,-0.001195114,-0.000202536,-0.001341718,-0.000403168,-0.000328524,-0.001063025,-0.000920667
738.0024414,2.17E-05,0.000974067,0.000653595,1.77E-05,0.00061445,-0.001307084,-0.000872619,-0.000132257,-0.001036376,-0.000261784,-0.000141418,-0.000793095,-0.000837432
737.0075073,0.000222081,0.00051624,2.84E-05,-0.000589541,0.00046669,-0.001425683,-0.001051715,-0.000138675,-0.001266564,-0.000524702,-0.000485039,-0.000899072,-0.000878561
736.0122681,6.54E-05,0.000697954,0.000485115,-0.000156064,0.000781786,-0.001232596,-0.00097243,0.00012541,-0.000999445,-0.000156841,-0.00030276,-0.000873704,-0.000671325
735.0166626,-6.99E-05,0.000966362,0.000614242,-5.18E-08,0.000879174,-0.001377122,-0.00096618,-7.90E-05,-0.001254794,-0.000325523,-0.000380047,-0.001132173,-0.000741827
734.020752,-1.03E-05,0.000854093,0.000753599,-0.000203002,0.000654787,-0.001206937,-0.000956933,0.000148818,-0.001033587,-0.000280048,-0.000369339,-0.001038958,-0.000553917
733.0244751,-0.00016274,0.0009619,0.00048737,-0.000205434,0.000853755,-0.001139092,-0.000837173,0.000283078,-0.000785239,-0.000318695,-0.00041765,-0.000755317,-0.000649924
732.027832,8.58E-05,0.000760989,0.000450546,-0.00021982,0.000738455,-0.001166923,-0.000885122,0.000208432,-0.000986429,-0.000296707,-0.000463784,-0.000901397,-0.000684351
731.0308228,-0.000126667,0.001004553,0.00033771,-0.000154926,0.000712863,-0.001191139,-0.000928003,5.71E-05,-0.000893441,-0.000271407,-0.000480592,-0.001125873,-0.000496623
730.0335083,-0.000192549,0.001194389,0.000708274,5.15E-05,0.000848361,-0.001280656,-0.000971913,8.91E-05,-0.001344763,-0.0004477,-0.000344768,-0.001112809,-0.001008226
729.0358276,8.73E-05,0.000943584,0.000651624,-4.21E-05,0.000832954,-0.000867245,-0.000446097,0.000651132,-0.000496468,4.79E-06,5.94E-05,-0.000612134,-0.00024
728.0378418,9.42E-05,0.001034314,0.000700003,-1.37E-05,0.000742889,-0.000773147,-0.000557019,0.000364368,-0.000706629,-0.000203054,-0.000103583,-0.000622939,-0.000394064
727.0394287,0.000263677,0.001285275,0.000664509,0.000161274,0.001118652,-0.001343318,-0.000862905,4.09E-05,-0.000822085,-0.000371564,-0.000381288,-0.000832781,-0.000705337
726.0407715,0.000101045,0.001045783,0.000774888,-0.000141056,0.001131551,-0.001067828,-0.000926247,-9.23E-05,-0.000771958,-0.000292051,-0.000325058,-0.000950579,-0.000583285
725.041687,0.000258108,0.00114689,0.000534382,-0.000337525,0.001053619,-0.001216953,-0.0008612,9.82E-05,-0.000765136,-0.000243156,-0.000167346,-0.001086317,-0.000688797
724.0422974,8.59E-05,0.001192364,0.000853159,5.22E-05,0.001362598,-0.001162173,-0.000610324,0.000256528,-0.000444907,-0.000206469,-3.89E-05,-0.000889876,-0.000759865
723.0426025,-0.000150527,0.001090676,0.000701999,-1.45E-05,0.001243243,-0.001316685,-0.000529873,0.000189138,-0.000495485,-0.000117869,-0.000284031,-0.000800639,-0.000512137
722.0425415,0.000120309,0.001220061,0.000730028,-5.54E-06,0.001105883,-0.00118897,-0.000671015,2.01E-05,-0.000427684,-0.000445166,-0.000241345,-0.000835261,-0.000894371
721.0421143,0.0001707,0.001135054,0.00057142,-2.54E-06,0.001229225,-0.000931981,-0.000373167,0.000439378,-2.27E-05,-9.40E-05,-6.42E-05,-0.000696292,-0.000238862
720.0413818,-0.000165846,0.00148209,0.000858191,8.05E-05,0.001364286,-0.000924542,-0.000522117,0.000438238,-6.26E-05,-0.000119991,-0.000156789,-0.00066688,-0.000458095
719.0402832,0.00021514,0.001658519,0.000828805,0.000329602,0.00167754,-0.001166562,-0.000601122,0.000290408,-0.000557226,-0.00032185,-3.00E-05,-0.000779865,-0.000550608
718.0388184,-0.000206573,0.001466947,0.000781397,0.000178728,0.001312095,-0.001020726,-0.000424374,0.000152443,-0.000479764,-0.000115281,-3.23E-05,-0.000685385,-0.000383771
717.0370483,-1.26E-05,0.001376751,0.000793716,3.23E-05,0.001249058,-0.001066589,-0.000457888,0.000310665,-0.000648218,-0.00016243,-0.000293241,-0.000767875,-0.000380305
716.0349731,-5.69E-07,0.00140459,0.000861433,0.000120956,0.001197607,-0.001165529,-0.000484781,0.000148171,-0.000851331,-0.000187219,-0.000389668,-0.000920512,-0.000459388
715.0325317,-3.08E-05,0.001427158,0.00093287,5.23E-05,0.001384905,-0.001090965,-0.000522685,0.000187196,-0.000510999,-0.000202743,-0.00024652,-0.000678355,-0.000480695
714.0297241,0.000109615,0.001674968,0.001143801,0.000277664,0.001431807,-0.001032864,-0.000514153,0.000185616,-0.000608515,-0.000127392,-6.52E-05,-0.000691485,-0.000332973
713.0266113,-5.18E-07,0.001358807,0.000650147,9.50E-05,0.001189976,-0.000820844,-0.000303743,0.000351182,-0.00050438,3.34E-05,-0.000202174,-0.000676443,-0.000396909
712.0231323,3.82E-05,0.001498507,0.000751783,0.000242412,0.001164331,-0.000961892,-0.000465025,0.000170518,-0.000759761,-0.000136967,-0.000524288,-0.000867659,-0.000394013
711.0193481,-1.76E-05,0.001499727,0.000872871,0.000200222,0.001224578,-0.001036427,-0.00027239,0.000358047,-0.000440304,-8.11E-05,-8.19E-05,-0.000714641,-0.000314245
710.0151978,-0.000210505,0.001466012,0.000722509,0.000127688,0.001282886,-0.001153189,-0.000452924,0.000177148,-0.000584939,-0.000182768,-0.000401823,-0.000882901,-0.000503501
709.0107422,-0.000157358,0.001606058,0.000817341,0.000305096,0.001314016,-0.000949494,-0.000355217,0.000283855,-0.00044077,-5.34E-05,-0.000230738,-0.000673186,-0.000369598
708.0059204,-5.26E-05,0.001637367,0.000812699,0.000320379,0.00121557,-0.001365717,-0.000374564,0.000151174,-0.000672152,-0.000119836,-0.000386564,-0.000762552,-0.000531114
707.0007935,-0.000109173,0.002074894,0.000811532,0.000397454,0.001517703,-0.001062664,-0.000480488,0.000335664,-0.000543627,-5.37E-05,-0.000249003,-0.000598899,-0.000451993
705.9953613,8.89E-05,0.002114145,0.000976584,0.000310458,0.001934593,-0.001063129,-0.000365977,0.000378177,-0.000676236,-7.86E-05,-0.000511102,-0.000841772,-0.000596986
704.989563,4.49E-05,0.001991306,0.000726735,0.000286808,0.002186413,-0.001073768,-0.000642997,0.000367995,-0.000784723,-0.000331266,-0.000696809,-0.000984672,-0.000614305
703.9833984,6.56E-05,0.001921671,0.000937592,0.000192324,0.00214419,-0.001256756,-0.000290085,0.000255932,-0.000550608,-4.26E-05,-0.00052858,-0.000786118,-0.000380978
702.9769287,-3.47E-06,0.00217174,0.000995161,0.000475319,0.002650511,-0.001297226,-0.000719551,0.000186548,-0.000819656,-0.000317505,-0.00068859,-0.001019693,-0.000775886
701.9701538,-0.000134741,0.001906018,0.00097015,0.000210815,0.002545903,-0.000823841,-0.000346785,0.000382245,-0.000582923,-5.29E-05,-0.000518652,-0.000714227,-0.000511154
700.9630127,-6.36E-05,0.001861301,0.000864286,0.000277275,0.002497553,-0.001254071,-0.000724875,0.000189086,-0.000775834,-0.00019612,-0.000709886,-0.00083862,-0.000771958
699.9555664,-0.000237775,0.001789035,0.001094387,0.000426474,0.002545279,-0.001381767,-0.000659901,-5.07E-06,-0.000835468,-0.000224115,-0.000737589,-0.001060805,-0.000588662
698.9477539,-0.000204813,0.001868814,0.001001206,0.000596382,0.002337934,-0.001387444,-0.000826529,6.13E-05,-0.001158352,-0.000342492,-0.000705906,-0.000998671,-0.000822085
697.9396362,-0.000230893,0.00163043,0.000731402,0.000639569,0.002225622,-0.0014698,-0.000833504,0.000265386,-0.000924697,-0.000342595,-0.000795937,-0.001064678,-0.000668275
696.9311523,-0.000252108,0.001758625,0.000836949,0.000995809,0.002304519,-0.001258562,-0.000701202,0.00026694,-0.000840429,-0.000355217,-0.000765756,-0.000971913,-0.000805135
696.0665283,0.000122613,0.001900845,0.000959695,0.001125971,0.00213701,-0.001481719,-0.00086678,0.00029046,-0.001062044,-0.000387599,-0.000884864,-0.001276372,-0.000688538
695.0574951,5.46E-05,0.00165922,0.000767991,0.000914919,0.002014607,-0.001425838,-0.000941332,-7.54E-05,-0.000786428,-0.000378754,-0.000861975,-0.001203943,-0.000863267
694.0480957,-6.62E-05,0.001760418,0.00113848,0.00107713,0.002105483,-0.001437035,-0.000922527,-0.00014178,-0.001071805,-0.000349734,-0.001015096,-0.001342027,-0.000845337
693.0383301,-0.000155754,0.001549369,0.000964676,0.000794105,0.001859065,-0.001646536,-0.000809683,0.000229851,-0.001009724,-0.000476972,-0.001010964,-0.001116527,-0.000484057
692.0283203,7.34E-05,0.001879032,0.001173571,0.000566832,0.001906486,-0.001687279,-0.001009156,-2.16E-05,-0.001213959,-0.000587421,-0.001171674,-0.001453392,-0.000925265
691.0179443,-8.88E-05,0.001433209,0.000719579,-1.01E-05,0.001478194,-0.001413453,-0.000865592,0.000232984,-0.000902999,-5.47E-05,-0.000759089,-0.001023515,-0.000682956
690.0072632,-0.000255678,0.001905993,0.001007199,0.000208562,0.001646436,-0.001396217,-0.000708904,0.000162931,-0.000869622,-0.000341923,-0.000929915,-0.000969537,-0.000653439
688.9962158,-3.63E-05,0.002148014,0.00104708,0.000538296,0.001642123,-0.001475992,-0.000815677,0.000344109,-0.000967884,-0.000346061,-0.000961995,-0.00107981,-0.000683731
687.9848633,1.55E-05,0.002507759,0.001022819,0.000506625,0.001686817,-0.001430069,-0.000624076,0.000251296,-0.0011646,-0.000325161,-0.001100983,-0.001239255,-0.000880731
686.9732056,4.55E-05,0.002399307,0.001317781,0.000761819,0.002073412,-0.001649166,-0.001148645,0.000167929,-0.001289896,-0.000315953,-0.001182052,-0.001158662,-0.000849523
685.9611816,8.34E-06,0.001936439,0.000940549,0.000287896,0.001674188,-0.00148626,-0.001049701,0.000110961,-0.001072373,-0.000255419,-0.001018453,-0.001388579,-0.000873342
684.9488525,7.13E-05,0.001712701,0.000992125,0.000437434,0.001551552,-0.001725079,-0.001139609,-0.000153166,-0.001437964,-0.000425047,-0.001316582,-0.001365614,-0.001197954
683.9362183,3.78E-05,0.001918447,0.000996069,0.00041927,0.0015535,-0.001591346,-0.00108735,0.000110884,-0.001084613,-0.000467353,-0.00104309,-0.001244831,-0.000934358
683.0679932,0.000107233,0.002049951,0.001251395,0.00027497,0.001758365,-0.001577264,-0.00069624,4.91E-05,-0.001108987,-0.000438184,-0.001117818,-0.001154738,-0.001091171
682.0547485,2.62E-05,0.002048547,0.001252355,0.000345042,0.001822671,-0.001851451,-0.001105941,-0.00012232,-0.001250974,-0.000602725,-0.000899434,-0.001544145,-0.001072167
681.0411377,-5.34E-05,0.002058586,0.000789255,0.000309189,0.001676345,-0.001661235,-0.000832058,8.82E-05,-0.001129488,-0.000354545,-0.000958379,-0.001299394,-0.000860838
680.0272827,9.97E-06,0.001985299,0.00127437,0.000543998,0.001993049,-0.001769063,-0.001138111,8.65E-05,-0.001331034,-0.000582458,-0.001137595,-0.001324324,-0.001024031
679.0130615,2.86E-05,0.001906486,0.000837234,0.000327529,0.001733674,-0.00205869,-0.001183136,-0.000249831,-0.00148564,-0.000848438,-0.001129436,-0.001471761,-0.001521394
677.9985352,-6.91E-05,0.001958359,0.001135366,0.000426888,0.001988472,-0.001718169,-0.001338311,-0.000155599,-0.001542649,-0.000488194,-0.001057034,-0.001525418,-0.00129036
676.9837036,-0.00028279,0.002197028,0.001251343,0.000475889,0.002068912,-0.001725595,-0.00117503,-0.000206055,-0.001373561,-0.000553452,-0.000739088,-0.001524851,-0.001028887
675.9685059,-0.000106844,0.002082879,0.000961251,0.000464435,0.001944318,-0.001815982,-0.001080739,-0.000169468,-0.001239152,-0.000386616,-0.000698256,-0.001453031,-0.000994642
674.9530029,9.18E-05,0.001906721,0.00091261,0.000218325,0.002094116,-0.001840573,-0.001261608,8.50E-05,-0.001447974,-0.000350562,-0.001010137,-0.001482493,-0.001187318
673.9371948,0.000169483,0.001629598,0.000678405,0.000187248,0.001707139,-0.001893927,-0.001019693,-1.81E-05,-0.00134595,-0.00067422,-0.000938232,-0.001520414,-0.001182671
673.0662842,-0.000248589,0.002152723,0.001133212,0.000554935,0.002085116,-0.001781077,-0.000722497,-0.000225615,-0.001027285,-0.000335301,-0.000607688,-0.001239617,-0.000828389
672.0498657,0.00014237,0.002110035,0.000694558,0.000416912,0.002106393,-0.001966293,-0.000965715,5.06E-05,-0.001559983,-0.000642739,-0.000906667,-0.001678615,-0.001383934
671.0331421,-4.31E-05,0.002603373,0.001427106,0.000715326,0.002612566,-0.001774941,-0.000847197,0.000141153,-0.001269609,-0.000527391,-0.001019589,-0.001502563,-0.001155512
670.0161133,6.80E-05,0.002295983,0.000911054,0.000381027,0.002198173,-0.002093315,-0.000982296,0.000121137,-0.001373148,-0.000593987,-0.001121226,-0.001450812,-0.001032657
668.9987793,0.000231664,0.002435958,0.001225227,0.000657198,0.002566344,-0.001955315,-0.001021552,-9.66E-05,-0.001261608,-0.000614512,-0.001171725,-0.001609038,-0.001266925
667.9810791,8.87E-05,0.002275477,0.000980891,0.000506806,0.002161334,-0.001991855,-0.001285199,-4.22E-05,-0.001372787,-0.000762604,-0.001242869,-0.001556681,-0.001024393
666.9631348,-0.000231048,0.002176943,0.000764827,0.000346933,0.002233506,-0.001685216,-0.000793715,0.000101304,-0.001198625,-0.000142401,-0.001056673,-0.001363136,-0.000760278
665.9448242,-1.18E-05,0.002200436,0.001022975,0.00020693,0.002127854,-0.001811806,-0.000735677,-3.59E-05,-0.001198573,-0.000121699,-0.001058687,-0.001195992,-0.000957759
665.0717163,-1.30E-05,0.002351364,0.000804893,0.000298412,0.002220054,-0.002008809,-0.00104309,-0.000458923,-0.001410924,-0.000543421,-0.001414691,-0.001674644,-0.001407105
664.0528564,-7.74E-05,0.002348267,0.00118032,0.000401599,0.00240178,-0.00215962,-0.001507516,-0.000202743,-0.001491471,-0.000558364,-0.001175753,-0.001669229,-0.001176992
663.0336914,0.000116088,0.00231053,0.001057641,0.000200792,0.002330075,-0.001722449,-0.000948099,-5.76E-05,-0.001081308,-0.000409064,-0.000948099,-0.001534343,-0.001098814
662.0141602,5.57E-05,0.002170023,0.000929161,0.000577071,0.002324427,-0.002167348,-0.001291961,-0.000324747,-0.001564935,-0.000787668,-0.001178747,-0.001657006,-0.001233473
660.9943237,-0.000109329,0.002324635,0.001178944,0.000176552,0.002352821,-0.001807681,-0.000851744,-7.53E-05,-0.001122517,-0.00043327,-0.000978887,-0.001402771,-0.000920203
659.9741821,-4.02E-05,0.002297622,0.001081567,0.000507325,0.002534629,-0.00185975,-0.001086059,-5.45E-05,-0.001336505,-0.000449303,-0.001205234,-0.00153878,-0.001172655
658.9537354,-8.55E-05,0.002294448,0.001228991,0.000356518,0.002306574,-0.00199036,-0.000992472,-5.72E-05,-0.001358388,-0.000548022,-0.001101138,-0.001591191,-0.001032915
657.9329834,-0.00013764,0.0019866,0.000988389,0.000336,0.002302801,-0.001916143,-0.001012048,4.22E-05,-0.00131844,-0.00041403,-0.001237345,-0.001714508,-0.001288502
657.0578003,-0.00013205,0.002471154,0.001210768,0.000512378,0.002389598,-0.001895216,-0.000928727,-6.49E-05,-0.001282979,-0.000367839,-0.001265273,-0.001294593,-0.001113118
656.036499,-0.000250607,0.002053879,0.001317028,0.000422639,0.002272146,-0.001893927,-0.000874996,-1.45E-05,-0.001197128,-0.000454992,-0.001070411,-0.001584021,-0.001083993
655.0148315,1.74E-05,0.002149757,0.001302904,0.000340249,0.002497423,-0.002120776,-0.00113997,-0.000218164,-0.001297432,-0.000364373,-0.000912556,-0.001578605,-0.001264396
653.9929199,-2.89E-05,0.002434656,0.001324895,0.000759615,0.00282434,-0.001793142,-0.000663003,1.01E-06,-0.00114911,-0.000422978,-0.000956313,-0.001579275,-0.000893699
652.9706421,-0.000105964,0.002429528,0.001058576,0.00075098,0.002746574,-0.001817528,-0.000948616,-0.000144575,-0.001177766,-0.000500863,-0.001102894,-0.001468459,-0.001046137
651.9480591,-1.07E-05,0.002511118,0.001009509,0.000478636,0.002654626,-0.002078322,-0.001127681,-0.000258317,-0.001260059,-0.000628677,-0.001169608,-0.001536665,-0.001132535
651.0713501,-0.000149647,0.00252674,0.000914167,0.000444353,0.002644365,-0.00201891,-0.001072993,-7.47E-05,-0.001193617,-0.00036758,-0.001119109,-0.001436313,-0.00109995
650.0482178,4.13E-05,0.002514086,0.001216297,0.000559316,0.002954139,-0.001868462,-0.001027544,-2.07E-07,-0.001206731,-0.000450803,-0.001029661,-0.001348272,-0.000984827
649.0247803,-0.000227944,0.002426691,0.001160308,0.000489961,0.002937694,-0.001570506,-0.000618441,8.84E-05,-0.001084096,-0.000139503,-0.000723066,-0.001215817,-0.000949907
648.0010376,-0.000155133,0.002558714,0.001223488,0.000696528,0.002956224,-0.002027206,-0.001011842,3.39E-05,-0.00108012,-0.000387444,-0.001024909,-0.001381509,-0.000916844
646.9769287,-0.000105861,0.002827259,0.001290882,0.000812232,0.003272011,-0.001736269,-0.00078188,4.68E-05,-0.000932446,-0.000334318,-0.000810303,-0.001113687,-0.000968349
645.9525757,-6.14E-05,0.002731517,0.001244074,0.000681128,0.002901704,-0.001928823,-0.00073976,-0.000330179,-0.000648218,-0.000290964,-0.00109019,-0.001525006,-0.001105424
644.9279175,-1.73E-05,0.002736493,0.001229225,0.000653569,0.00278104,-0.002139323,-0.001181845,-0.000181474,-6.81E-05,-0.000716605,-0.001362001,-0.001894236,-0.001138421
644.0493774,0.000257072,0.003002462,0.001278343,0.000843018,0.002847217,-0.001985361,-0.000969021,-0.000296552,0.000754169,-0.00066047,-0.001409324,-0.001858152,-0.001273894
643.0241699,-0.000394582,0.00306896,0.001352186,0.000687687,0.002841876,-0.001934544,-0.001034361,0.000113732,0.002075336,-0.000505311,-0.001132173,-0.001470729,-0.001168266
641.9985962,-5.49E-06,0.003338368,0.001316301,0.000634955,0.002659939,-0.00203509,-0.000807822,-0.00025454,0.00324254,-0.000328472,-0.00099428,-0.001483577,-0.001032399
640.9727783,-0.000133706,0.003389969,0.001094594,0.00047322,0.002749179,-0.002032153,-0.001071702,-0.000154615,0.003232734,-0.000483798,-0.001149213,-0.00138089,-0.001219276
639.9466553,0.000146099,0.003113411,0.001043396,0.000501131,0.002654574,-0.001974332,-0.000893544,-4.50E-06,0.00306823,-0.000501536,-0.001112757,-0.001553895,-0.001066021
639.0668335,-0.000229341,0.003153538,0.001183123,0.000595293,0.002904988,-0.001856245,-0.000702029,-9.31E-05,0.002475163,-0.000600915,-0.001106973,-0.001237603,-0.000788237
638.0401611,2.89E-05,0.002946477,0.001229977,0.000569684,0.003067396,-0.002046169,-0.000952077,-0.000164241,0.001116731,-0.000469576,-0.00122733,-0.001561479,-0.000973618
637.0131226,-3.70E-05,0.002937798,0.00127032,0.000684472,0.003092189,-0.001945728,-0.000941745,-2.20E-05,0.000129656,-0.000339853,-0.001033018,-0.001474083,-0.000958224
635.9858398,-0.000186856,0.003036974,0.001171028,0.000926618,0.003157528,-0.001890989,-0.000832884,-1.88E-05,-0.000439942,-0.000316832,-0.001101964,-0.001359988,-0.001137543
634.958252,5.87E-05,0.003059315,0.001079465,0.00060898,0.003365055,-0.002053692,-0.000990199,-0.00017485,-0.000846422,-0.00045794,-0.001152776,-0.001603003,-0.001012513
633.9302979,-0.000220027,0.003028242,0.0011757,0.000757514,0.00319114,-0.001992164,-0.000793198,-5.79E-05,-0.001014528,-0.000357131,-0.001083063,-0.001418045,-0.000990044
633.0490112,-0.000165587,0.003109318,0.001313964,0.000772114,0.003279914,-0.002012211,-0.000757022,0.000211954,-0.001016491,-0.000225874,-0.001142139,-0.001552296,-0.00093069
632.0205688,2.89E-05,0.00285097,0.001164721,0.000482653,0.003123997,-0.001837583,-0.000714899,-0.000196999,-0.000983949,-0.000416357,-0.001055175,-0.001384709,-0.000838413
630.9918213,-0.000104877,0.002883124,0.001277667,0.000452749,0.003159848,-0.002025403,-0.001068448,-0.00038403,-0.000823686,-0.000449355,-0.00099521,-0.001670002,-0.00116398
629.9627686,-0.000123148,0.003069873,0.001265543,0.000735162,0.003227805,-0.001900216,-0.000874014,-4.97E-06,-0.000899795,-0.000307934,-0.000941642,-0.001414588,-0.001060495
628.9334106,-0.000192601,0.003019118,0.001130824,0.00060447,0.003375907,-0.001813971,-0.000626609,-6.77E-05,-0.000795782,-0.000200052,-0.00100771,-0.001391882,-0.000923457
628.0508423,-7.24E-05,0.003110022,0.001243451,0.000686883,0.00334249,-0.002028134,-0.000858203,-0.000358011,-0.001027182,-0.000500708,-0.001201723,-0.001559725,-0.001165942
627.0209351,-0.000112331,0.003272846,0.001548304,0.00093217,0.003344603,-0.0019699,-0.000617511,8.41E-05,-0.000791751,-0.000152493,-0.000763947,-0.001249735,-0.000894991
625.9907227,-1.78E-05,0.00319466,0.001532795,0.000637055,0.003444028,-0.00188537,-0.000830766,5.23E-05,-0.000796815,-0.000267889,-0.00083893,-0.001282979,-0.000853553
624.9602661,7.08E-05,0.003284192,0.001417367,0.000606906,0.003250286,-0.001849595,-0.000548384,0.000219957,-0.000747771,-0.000308141,-0.000791751,-0.001410408,-0.001005902
623.9294434,6.28E-05,0.003299581,0.001604733,0.000650095,0.003454909,-0.001840779,-0.000678097,-1.71E-05,-0.000845957,-0.000270476,-0.000800691,-0.001552193,-0.000940764
623.0456543,-0.000318591,0.003127516,0.00135525,0.000435983,0.003275793,-0.001876298,-0.000813713,0.000100734,-0.000849419,-0.000262663,-0.000777281,-0.001426044,-0.000871275
622.0143433,-2.59E-06,0.003461745,0.001598627,0.00081008,0.003741501,-0.002262072,-0.000830921,-0.000175057,-0.000915966,-0.000488711,-0.000964475,-0.001522013,-0.001294903
620.9827271,0.000117771,0.003068778,0.001404122,0.000637781,0.003583983,-0.002118252,-0.000832574,-0.000130756,-0.000983536,-0.000296655,-0.000835985,-0.001412008,-0.000954505
619.9507446,6.11E-05,0.003356916,0.001346239,0.000871315,0.003663492,-0.001814177,-0.000827045,-0.000239327,-0.000920461,-0.000428305,-0.000760485,-0.001407725,-0.001042057
619.06604,-7.17E-05,0.003206681,0.001122285,0.000711126,0.003340638,-0.002047097,-0.000866367,-0.000148922,-0.00081516,-0.000399651,-0.000946291,-0.001389198,-0.00110749
618.0335693,-0.000167088,0.003508742,0.001170301,0.000906411,0.003447629,-0.002370318,-0.000928158,-0.000307106,-0.00123177,-0.000612548,-0.001039733,-0.001535169,-0.001205388
617.0007935,-0.000108086,0.003411623,0.001462792,0.000931314,0.003533194,-0.002027773,-0.000544506,-3.46E-05,-0.000637052,-0.000331266,-0.000712987,-0.001487137,-0.000793301
615.9677734,6.37E-06,0.003529567,0.001334009,0.000890146,0.003472913,-0.001959541,-0.000658402,0.00011469,-0.000615391,-0.000223442,-0.000639637,-0.00138218,-0.000933686
614.9343872,-0.000183752,0.003745888,0.001354289,0.001056733,0.003804875,-0.00198665,-0.000600605,-3.50E-05,-0.000731387,-8.65E-05,-0.000492951,-0.001555752,-0.00071309
614.0484619,0.000108113,0.003474427,0.001536952,0.000956607,0.003607578,-0.001816085,-0.000621957,6.42E-05,-0.000847301,-0.000254488,-0.000578321,-0.001436622,-0.000964268
613.0145874,-4.26E-05,0.003579598,0.001341228,0.001002503,0.003742624,-0.002005563,-0.000568032,-5.94E-05,-0.00086399,-0.00025723,-0.000819346,-0.001564006,-0.000844562
611.9804077,-7.11E-05,0.003583069,0.001242464,0.001189093,0.003783828,-0.001795204,-0.00070451,-3.37E-06,-0.000754025,-0.000313314,-0.000564206,-0.001419336,-0.000726425
610.9459229,-0.000116316,0.003765001,0.001449208,0.001161165,0.003852927,-0.001930833,-0.000575995,1.81E-05,-0.00065804,-0.00017485,-0.000634881,-0.001490387,-0.000791906
610.059021,-4.01E-05,0.003766411,0.0014022,0.001073834,0.00387369,-0.002025918,-0.000613116,4.56E-05,-0.000815315,-0.000303433,-0.000647805,-0.001440802,-0.000816245
609.0240479,-2.43E-06,0.003868545,0.001422639,0.001297789,0.004014645,-0.001867741,-0.000707198,-1.90E-05,-0.000702236,-0.000121285,-0.000555882,-0.00131973,-0.000739708
607.9887085,-3.68E-05,0.003708134,0.001422275,0.000993889,0.003934784,-0.001917689,-0.000513326,1.83E-05,-0.000734023,-0.000254954,-0.000523926,-0.001497043,-0.00083459
606.953186,-6.28E-05,0.003817932,0.00129984,0.00100131,0.003800932,-0.001976497,-0.000545541,-5.04E-05,-0.000645634,-0.000174954,-0.000544144,-0.001230582,-0.000939679
606.0653076,-7.48E-05,0.003841122,0.001495623,0.000962159,0.003886593,-0.001932173,-0.000354907,2.42E-05,-0.000592591,-0.000163103,-0.000498795,-0.0013716,-0.000891632
605.0291748,3.48E-05,0.00400362,0.001511884,0.000934504,0.003946983,-0.002055805,-0.00060257,-6.50E-05,-0.000822963,-0.000182302,-0.000617717,-0.001508135,-0.000870965
603.9927979,-0.000100426,0.003964224,0.001463986,0.000865635,0.003878417,-0.002015302,-0.000472783,1.28E-05,-0.000714021,1.78E-05,-0.000441183,-0.001465827,-0.000825598
602.9561157,-2.85E-05,0.003932538,0.001476766,0.000736562,0.00399526,-0.001867792,-0.000441701,9.67E-05,-0.000534734,-0.000138106,-0.000464974,-0.001306259,-0.000693862
602.0673218,-0.000144678,0.004129878,0.001459026,0.000868799,0.004372358,-0.001935111,-0.000329352,7.94E-05,-0.000624955,-6.69E-05,-0.000434253,-0.001439202,-0.000623973
601.0301514,-0.000166156,0.004113048,0.001722187,0.000979023,0.004338942,-0.001913721,-0.000353769,1.16E-05,-0.000579511,-0.000111192,-0.000288584,-0.001392862,-0.000517411
599.9926758,-2.60E-05,0.004120992,0.00147796,0.000978011,0.004284745,-0.001864751,-0.000475369,3.99E-05,-0.0005428,-0.000187943,-0.000556347,-0.00134755,-0.000689107
598.954895,-4.78E-05,0.004350133,0.00175392,0.00099817,0.004460276,-0.001960263,-0.000339802,-4.32E-05,-0.00054978,-0.000106068,-0.000483746,-0.001377535,-0.000716398
598.0651245,-0.00016419,0.004156874,0.001606604,0.000966181,0.00416921,-0.001902999,-0.000281858,0.000221796,-0.000483126,1.54E-05,-0.000323816,-0.001426199,-0.000659539
597.0268555,-6.38E-05,0.004306261,0.001587715,0.001006187,0.004062328,-0.001965983,-0.000269493,0.000184321,-0.00047118,3.37E-05,-0.000220441,-0.001472638,-0.000692105
595.9882813,-0.000103169,0.004426095,0.001930459,0.001372025,0.004472123,-0.002056114,-0.000478937,2.03E-05,-0.000532872,1.65E-05,-0.000237103,-0.001468356,-0.000752319
594.9494019,-3.79E-05,0.004383053,0.001723772,0.001422873,0.004314314,-0.00172972,-0.000262974,0.000197322,-0.000453182,3.84E-05,-0.00021656,-0.001366542,-0.000651579
594.0587158,-3.33E-05,0.004561945,0.001866839,0.001792284,0.004495192,-0.001904442,-0.000196327,9.13E-05,-0.000407823,0.000146462,-0.000105033,-0.001297845,-0.00076126
593.0193481,8.84E-05,0.004548657,0.001500688,0.00186741,0.004317216,-0.001857431,-0.000309382,3.25E-05,-0.000561156,2.74E-06,-0.000153632,-0.001376606,-0.000769891
591.9796753,4.48E-05,0.004556216,0.001712155,0.002044776,0.00440779,-0.001871349,-0.000297638,0.000135146,-0.000505414,-3.53E-05,-0.000191359,-0.001196095,-0.000772578
590.9397583,-0.000180491,0.004461218,0.001607461,0.001757325,0.004334916,-0.002052816,-0.00053613,1.19E-06,-0.000551332,-7.60E-05,-0.000291999,-0.001381302,-0.000869674
590.0481567,-0.000115229,0.004630174,0.001682867,0.001845859,0.004622299,-0.00212057,-0.000296345,7.93E-05,-0.00030157,8.00E-06,-0.000330179,-0.00148595,-0.000708955
589.0076904,-8.44E-05,0.00459216,0.001681438,0.001594392,0.004590617,-0.001665619,-0.00017692,0.000114353,-0.000207504,5.62E-05,-0.000134793,-0.001271777,-0.000657833
587.96698,-0.000163569,0.004596896,0.001760652,0.001372258,0.004503849,-0.00165943,1.22E-05,0.000352891,-0.000115747,0.000279218,-8.47E-05,-0.00113145,-0.000437098
586.9259644,-6.38E-05,0.004531994,0.001852982,0.001217855,0.004566942,-0.001650456,7.77E-06,0.000321675,-9.26E-05,0.000407429,-0.000176869,-0.001099744,-0.000586904
586.0334473,-0.000111917,0.004616517,0.001845443,0.001216479,0.004704013,-0.001656335,1.30E-05,0.000193644,-5.73E-05,0.000352088,-4.40E-06,-0.001104908,-0.000548126
584.9919434,3.92E-05,0.004872411,0.001559085,0.001143541,0.004696346,-0.001671653,-0.000251384,0.000154101,-0.000205331,0.000171295,-0.000347872,-0.001430791,-0.000725133
583.9501343,-0.00016626,0.004783127,0.001584728,0.000942417,0.004626773,-0.001786027,-0.000127599,0.00023977,-0.000281393,0.000186937,-0.000218423,-0.001189125,-0.000584888
583.0569458,-4.07E-05,0.004827518,0.001661923,0.001024168,0.004800244,-0.001833562,-8.85E-06,0.000157389,-0.00018401,0.000243681,-0.000241242,-0.001255207,-0.000527339
582.0145874,-0.000164759,0.004826811,0.001631469,0.00124506,0.004681981,-0.001740342,7.01E-05,0.000209675,-0.000129204,0.000425904,-0.000330386,-0.001294335,-0.000451941
580.9720459,-0.000111399,0.005134348,0.001857246,0.001293011,0.004764911,-0.00180665,0.000148456,0.000356777,-5.74E-05,0.000347969,-0.000215628,-0.001077641,-0.000400892
579.9291382,-7.26E-05,0.004986352,0.001528717,0.001162488,0.004964855,-0.001907999,3.46E-05,0.000264506,-6.27E-05,0.000132427,-0.000283152,-0.001190829,-0.000704045
579.0350342,-0.000111554,0.005045325,0.001703553,0.001308252,0.005033566,-0.001805258,3.20E-05,0.000194059,-0.000138054,0.000311572,-0.000296293,-0.001233783,-0.000503346
577.9916992,7.49E-05,0.00507793,0.00160611,0.001156804,0.005227922,-0.001790358,-4.89E-05,0.00018528,-2.50E-05,0.000353358,-0.000228565,-0.001097885,-0.000587369
576.9480591,-9.16E-05,0.005090738,0.001759066,0.001227096,0.005292771,-0.001783449,0.000152625,0.000154075,3.83E-05,0.000417819,-0.00025811,-0.001217572,-0.000434046
576.0532837,8.12E-05,0.005285303,0.001850434,0.001368986,0.005581287,-0.001630495,0.00011034,0.000292403,7.68E-05,0.000508361,-0.000198707,-0.001098401,-0.000497037
575.0090942,-7.49E-05,0.005327282,0.001852072,0.001372856,0.005449469,-0.001714611,0.000128724,0.000299682,0.000139392,0.000469748,-0.000318746,-0.001115959,-0.000565757
573.9647217,0.000107544,0.005448473,0.001824049,0.001549733,0.005512385,-0.001695427,0.000235911,0.000222003,-1.42E-05,0.000549078,-0.000124338,-0.001208021,-0.000491659
573.0692749,4.01E-06,0.005420662,0.001811961,0.001408537,0.005480323,-0.001764887,0.00017114,0.000274892,-1.42E-05,0.000559912,-0.000153166,-0.001087401,-0.000576512
572.024353,-0.000121958,0.005475368,0.001731179,0.00136613,0.005453034,-0.0017835,0.000100656,8.84E-05,-7.74E-05,0.000468944,-0.000356924,-0.001311523,-0.000641912
570.979126,1.51E-05,0.005477649,0.001884907,0.001334892,0.005565896,-0.001670673,0.000112101,0.000243293,0.000200352,0.000521605,-0.000176506,-0.00104686,-0.000580183
569.9336548,-8.40E-05,0.005519175,0.001788255,0.001328894,0.005546651,-0.001688156,0.000394319,0.000296625,0.000261372,0.00061152,-6.89E-05,-0.001193256,-0.000486797
569.0373535,-0.000173867,0.005516999,0.001725357,0.001254224,0.005545838,-0.001581442,0.000267484,0.000363695,0.000321001,0.000555609,-2.39E-05,-0.001054452,-0.000413823
567.991394,-1.62E-05,0.005837645,0.001865461,0.001313445,0.005534932,-0.00167289,0.000331078,0.000310717,0.000364472,0.000404683,-6.95E-05,-0.00117947,-0.000443459
566.9451904,-0.00015622,0.005707454,0.001814275,0.001441832,0.005676925,-0.001704555,0.000233347,0.000332581,0.000245727,0.000527177,-0.000106016,-0.000983846,-0.000512757
566.0481567,-0.000138313,0.005920612,0.001809596,0.001420795,0.00564674,-0.001807578,0.000267847,0.000413259,0.000382297,0.000554469,-9.20E-05,-0.000984156,-0.000465853
565.0014648,-0.00010555,0.005833159,0.001772842,0.001458558,0.005723873,-0.001688517,0.00037468,0.000363021,0.000353928,0.000416627,-0.000198759,-0.001190674,-0.000570256
563.9544678,1.68E-05,0.005760884,0.001708933,0.001372414,0.005610525,-0.0016929,0.000259196,0.000274556,0.000360819,0.000535548,-0.000146852,-0.001034981,-0.000346268
563.0568237,-2.74E-06,0.005878418,0.001900507,0.001492247,0.005884873,-0.001545487,0.000422924,0.000281886,0.000451038,0.000526581,-0.000231721,-0.000907183,-0.000487521
562.0093384,-3.55E-05,0.005953546,0.001942602,0.001375037,0.006126051,-0.001709763,0.00045661,0.000299811,0.000477807,0.000603355,-0.000136139,-0.001017523,-0.000397685
560.9615479,-3.91E-05,0.005892036,0.001778586,0.001411082,0.006382021,-0.001660977,0.000506469,0.000409243,0.000560534,0.000674983,-0.000114142,-0.000829216,-0.000420081
560.0632935,-4.97E-05,0.006085727,0.001967929,0.001597172,0.00680921,-0.001740394,0.000560223,0.000296211,0.000357814,0.000552343,-0.000220699,-0.000798004,-0.000347665
559.0150146,3.16E-06,0.006236672,0.002185216,0.001614372,0.007099473,-0.001741683,0.000568414,0.000252824,0.000515773,0.000569891,-0.000189599,-0.00099459,-0.000439425
557.9665527,5.75E-05,0.006230002,0.002116486,0.001415653,0.007190551,-0.001542185,0.00065165,0.000459823,0.000668994,0.000742863,5.69E-06,-0.000869622,-0.000201398
557.067627,4.53E-05,0.006261752,0.002162582,0.001586962,0.00747804,-0.00163065,0.000792289,0.000424012,0.000582022,0.000666194,-5.05E-05,-0.000909095,-0.000301674
556.0186157,1.24E-05,0.006314515,0.002238892,0.001525834,0.00756082,-0.001550078,0.000805853,0.000448499,0.000793067,0.000818924,-3.29E-05,-0.00080343,-0.000232963
554.9693604,6.29E-06,0.006292558,0.002100515,0.00151017,0.007603995,-0.001525109,0.000800873,0.000496595,0.000828442,0.000709907,-3.11E-05,-0.000726632,-0.000317712
554.0697632,-0.000179818,0.006450957,0.002179649,0.001540277,0.007726982,-0.001482906,0.000747297,0.000340456,0.000901223,0.000766123,-4.09E-05,-0.000741517,-0.000188254
553.0200195,-9.50E-05,0.006367967,0.002063398,0.001546953,0.007673862,-0.001610637,0.000758007,0.000393645,0.000867658,0.000951159,7.27E-05,-0.000775782,-0.000261163
551.9700317,-2.98E-05,0.006264824,0.001957553,0.001435209,0.007504955,-0.001520105,0.000857335,0.000554858,0.000946204,0.001044875,9.96E-05,-0.000767152,-0.000131222
551.0697632,-0.000110364,0.006512205,0.002048807,0.001481181,0.007496686,-0.001512263,0.000882468,0.00044754,0.000884544,0.000979049,5.61E-05,-0.000808649,-0.000139037
550.0192871,-1.11E-05,0.006694947,0.002266448,0.001684271,0.007750145,-0.001573653,0.001044044,0.000590938,0.001024402,0.000994849,9.64E-05,-0.000654422,-0.000136294
548.9685669,2.06E-05,0.006835296,0.002141485,0.001612865,0.00751075,-0.001536562,0.000996873,0.000436113,0.001098799,0.001087899,5.40E-05,-0.000630538,-4.25E-05
548.067688,-8.95E-05,0.006861804,0.002122365,0.001657453,0.007659319,-0.001469646,0.001105883,0.000608202,0.001106896,0.00108424,0.000166427,-0.000649718,-4.74E-05
547.0164795,-2.98E-05,0.007032802,0.00211118,0.001704826,0.007669515,-0.001418665,0.001045264,0.00057396,0.00112758,0.001200567,0.000103556,-0.000629763,-6.30E-05
545.9649658,-0.000111865,0.007042457,0.002028729,0.001579687,0.007567774,-0.001461287,0.001094698,0.000621164,0.001213701,0.001247916,0.000165287,-0.000558157,5.84E-05
545.0634766,-7.97E-05,0.007152602,0.002114353,0.001625987,0.007365707,-0.001407105,0.001276915,0.000592053,0.001292596,0.001206874,0.00019367,-0.000477023,8.68E-05
544.0115356,-0.000151096,0.007170997,0.002213419,0.001716339,0.007353912,-0.00131493,0.001386489,0.000715041,0.001360729,0.001256483,0.000309525,-0.000429702,9.64E-05
542.9592896,-8.27E-05,0.007292308,0.002275061,0.001843935,0.007578258,-0.001353072,0.001356106,0.000664379,0.001369999,0.00125464,0.000284943,-0.000510223,7.38E-05
542.0571899,-0.000144937,0.007431244,0.002400843,0.001775779,0.007664535,-0.001394307,0.001343383,0.000650276,0.001398902,0.001274734,0.000306002,-0.000486125,0.000123701
541.0044556,-2.12E-05,0.007430032,0.00231014,0.001797613,0.00765592,-0.001314259,0.001393085,0.000824474,0.001501779,0.001357483,0.000316779,-0.000451062,9.81E-05
539.9515381,-0.00012144,0.007475564,0.002236264,0.001833667,0.007699552,-0.001320195,0.001364909,0.000739363,0.001531107,0.001313211,0.00031582,-0.000493572,0.000137347
539.0487671,1.87E-05,0.007631919,0.002338273,0.001839464,0.007787382,-0.001425063,0.001399006,0.000711178,0.001628455,0.001363767,0.00036113,-0.000402858,0.000150916
537.9953613,-2.25E-05,0.007702055,0.002294187,0.001878356,0.007934754,-0.00116145,0.001614866,0.000892247,0.001775077,0.001449286,0.00047747,-0.000380564,0.000280591
536.9416504,-5.67E-05,0.00772353,0.002315839,0.001923855,0.00781466,-0.001406383,0.001551006,0.000708896,0.001762965,0.001363611,0.000458916,-0.00036758,0.000235885
536.0383301,0.00016319,0.007854512,0.002439394,0.002032656,0.007826678,-0.001254433,0.001640407,0.000800095,0.001789945,0.001561969,0.000521268,-0.000338715,0.000254663
534.9841309,-7.69E-05,0.007852034,0.002407533,0.001915067,0.00796763,-0.001232493,0.001780665,0.000801418,0.001991618,0.001563268,0.000606958,-0.000241294,0.000372193
533.9297485,-9.73E-05,0.007891995,0.002374632,0.001895619,0.007951337,-0.001325872,0.001728606,0.000823384,0.002035153,0.001530431,0.000595112,-0.000267423,0.000383074
533.0257568,-6.51E-05,0.008033179,0.002337518,0.002014503,0.008027193,-0.001355808,0.001633548,0.000832099,0.001786228,0.001475753,0.000432226,-0.000338457,0.000242308
531.9708862,-1.30E-05,0.008154283,0.002342072,0.002108917,0.008184855,-0.001246896,0.001684453,0.000803389,0.001826024,0.001510118,0.000472702,-0.000355528,0.000305251
531.0665283,-6.50E-05,0.008521944,0.002589728,0.002034815,0.008387779,-0.001299136,0.001866501,0.000783057,0.001884465,0.001562463,0.000588631,-0.000315021,0.000456843
530.0111694,1.66E-05,0.00907168,0.002654809,0.002060121,0.008352733,-0.001183962,0.001992815,0.000742189,0.002002359,0.001639524,0.000648928,-0.000269596,0.000383048
528.9555664,-8.52E-05,0.009666684,0.002622775,0.002060329,0.00824057,-0.001383418,0.001802708,0.000800718,0.001855608,0.001556176,0.000466534,-0.000353769,0.000290097
528.0505981,-0.000122579,0.010108882,0.002608217,0.002085949,0.008425625,-0.001336144,0.001862289,0.000900133,0.001958359,0.001763459,0.000533941,-0.000292206,0.000356259
526.9945068,-5.88E-05,0.009850256,0.002759286,0.002030732,0.008386011,-0.001311575,0.001948452,0.000864027,0.002028937,0.001704904,0.000588398,-0.000280875,0.00044342
525.9382324,-8.36E-05,0.009575271,0.002568974,0.00213558,0.008499532,-0.001271777,0.001982621,0.000884751,0.002035049,0.001745629,0.000550711,-0.000259973,0.000415487
525.0326538,8.11E-05,0.008944031,0.002516273,0.002206082,0.008550746,-0.001286747,0.001977446,0.000862548,0.001971049,0.001693808,0.000526063,-0.000266906,0.000383281
523.9758301,-8.59E-06,0.008734903,0.002565641,0.002119972,0.008661247,-0.001436364,0.001993777,0.000839361,0.002051616,0.001731075,0.000513856,-0.00029231,0.00026378
523.0698853,-0.00012646,0.008829732,0.002603972,0.002244226,0.008892189,-0.001405351,0.001957397,0.000898655,0.002067507,0.00172897,0.000539488,-0.000347923,0.00033113
522.0126343,-7.15E-05,0.00874045,0.002494533,0.002220704,0.008928836,-0.001446891,0.001953887,0.000767083,0.00211542,0.001847627,0.000567429,-0.000384185,0.000380768
520.9551392,-4.90E-05,0.008886508,0.002619389,0.002108474,0.009197226,-0.001437654,0.001960336,0.000775537,0.002052656,0.001836968,0.000494678,-0.000420754,0.000329602
520.048584,-7.77E-05,0.009108555,0.002729668,0.00237458,0.00954767,-0.001353898,0.002087249,0.000856634,0.002235509,0.001806763,0.000612687,-0.000267682,0.000436268
518.9906616,7.72E-05,0.009147627,0.002809906,0.002376376,0.009586492,-0.001390901,0.00208059,0.000827664,0.002162062,0.00194073,0.000631144,-0.000290757,0.000351933
517.9324951,2.15E-05,0.00921346,0.002725187,0.002473445,0.009502001,-0.001546415,0.002020173,0.000863041,0.002140028,0.001893045,0.000578678,-0.000400582,0.000352062
517.0252686,-8.09E-05,0.009265578,0.002711981,0.002421381,0.009346982,-0.001545229,0.001931187,0.000900315,0.002199552,0.001806477,0.000634825,-0.000360701,0.000326648
515.9666748,-7.53E-05,0.009407924,0.002853262,0.002562282,0.009437949,-0.001542546,0.002075987,0.000915671,0.002309828,0.001823919,0.000544853,-0.000318798,0.000377167
515.059082,-3.99E-05,0.009742629,0.002924012,0.002595769,0.009446283,-0.001473619,0.002094194,0.000850358,0.00227212,0.001869308,0.00053376,-0.00039784,0.000346259
514,-0.000144109,0.0097129,0.002926253,0.002520621,0.009440912,-0.001618581,0.002048053,0.000826886,0.002151604,0.001858052,0.000430153,-0.000466215,0.000328358
512.9406738,1.93E-05,0.009566564,0.002725734,0.002422943,0.009408771,-0.00169486,0.00198686,0.00084875,0.002193672,0.001796833,0.000501753,-0.000466835,0.000308644
512.0324707,-0.000173246,0.009762114,0.002777184,0.002360864,0.009597977,-0.001596504,0.00202527,0.000884544,0.002301058,0.001923855,0.000539229,-0.00045763,0.000387893
510.9727173,-7.86E-05,0.01007685,0.003013566,0.002651345,0.009950229,-0.001669435,0.002180403,0.000968178,0.002410864,0.002085012,0.000621915,-0.000364787,0.000407066
510.0641479,-0.000160877,0.010074757,0.00286319,0.002532832,0.009862569,-0.001688362,0.002134773,0.000908641,0.00236862,0.001980176,0.000552214,-0.000345699,0.000356182
509.0039368,-8.98E-05,0.010295477,0.002965972,0.002749856,0.010090812,-0.001745602,0.002162218,0.000916916,0.00236862,0.001964028,0.000571109,-0.000467921,0.000288465
507.9434814,-0.00020057,0.010317955,0.00282124,0.002532963,0.010082863,-0.001672581,0.002261061,0.001007018,0.00238343,0.002011825,0.000556827,-0.000469576,0.000352114
507.0343018,-3.96E-05,0.010441078,0.003179223,0.002677494,0.010423047,-0.001533312,0.00232971,0.00106117,0.002661476,0.00215855,0.000696528,-0.000291844,0.000469411
505.9734192,-5.30E-05,0.010541425,0.003277332,0.002688538,0.0107229,-0.001610276,0.002299366,0.001043681,0.002691247,0.002129232,0.000691732,-0.000337577,0.000519583
505.0638733,-3.21E-06,0.010733964,0.003287687,0.002826217,0.010907237,-0.001628896,0.002365054,0.000999909,0.002625509,0.002191122,0.00082896,-0.000326041,0.00044285
504.002533,-7.86E-05,0.010845288,0.003162925,0.002909627,0.010936995,-0.001757359,0.002296269,0.000838116,0.002589728,0.002062176,0.000691032,-0.000366391,0.00032525
502.9409485,-0.000114039,0.010903415,0.003235681,0.002825956,0.010902938,-0.001707185,0.002204469,0.000899018,0.00258465,0.002095052,0.000636433,-0.000327334,0.000327736
502.0308228,-5.40E-05,0.010980931,0.003201153,0.002842892,0.010929509,-0.001629515,0.002467926,0.001028086,0.00269406,0.002305794,0.00071473,-0.000337215,0.000465031
500.968811,-9.95E-05,0.01117247,0.003170748,0.002823924,0.011041971,-0.001610947,0.0025859,0.001046717,0.002775334,0.002296217,0.000820765,-0.000278961,0.000572457
500.0583191,7.78E-05,0.011102675,0.003158962,0.002880128,0.011108198,-0.001662008,0.002582202,0.001041579,0.002942724,0.002369583,0.000859202,-0.000241087,0.00053941
498.9958496,-6.22E-05,0.01129695,0.003279601,0.003074592,0.01119951,-0.001719716,0.00250992,0.001023338,0.002880075,0.002362737,0.000751809,-0.000277719,0.000516888
497.933136,-5.13E-06,0.01147191,0.003150983,0.002899255,0.011407727,-0.001760298,0.002652152,0.001088288,0.003002801,0.002532103,0.000976169,-0.000193998,0.00060421
497.0220642,-0.0002133,0.011520286,0.003167202,0.002926019,0.011565371,-0.001702544,0.002592071,0.001040567,0.002886173,0.002421745,0.000704177,-0.000261266,0.000539929
495.9589233,-0.000212575,0.011797091,0.003263144,0.003068283,0.011857741,-0.001608677,0.002754806,0.001114577,0.003076729,0.002506483,0.000805049,-0.000235343,0.000726528
495.0474854,3.64E-05,0.011819435,0.003288965,0.003096386,0.011875618,-0.001715178,0.002817358,0.001060911,0.003076573,0.002526115,0.000830179,-0.000218681,0.000628578
493.9839172,-6.25E-05,0.012017624,0.003352742,0.003041797,0.012023347,-0.00168403,0.002878955,0.001103444,0.003170383,0.002648115,0.000894349,-6.92E-05,0.000700547
493.072113,2.56E-05,0.012131354,0.003559553,0.003119434,0.012109154,-0.00154234,0.003054257,0.001172144,0.003443272,0.002687366,0.000975339,1.83E-05,0.000871964
492.0080872,-6.99E-05,0.012282684,0.003455405,0.003098498,0.012278344,-0.001717447,0.002937095,0.001248513,0.003243349,0.002736805,0.000868955,-0.000148819,0.000713667
490.9438782,-7.52E-05,0.012439048,0.003371785,0.003152939,0.0123597,-0.00174555,0.002980568,0.00129675,0.003212732,0.002753764,0.000770039,-0.000102393,0.000771751
490.0314941,-7.70E-05,0.012530293,0.003453448,0.003308084,0.012454338,-0.001697645,0.003118313,0.001163059,0.003376612,0.002787266,0.000906566,-0.00012822,0.000729847
488.9668274,-3.72E-05,0.012586968,0.00369354,0.003286174,0.012418111,-0.001739827,0.003211323,0.001273176,0.003520955,0.002794327,0.000904154,-5.56E-05,0.000847868
488.0540466,-0.000138054,0.012734299,0.003893357,0.003418041,0.012561734,-0.001814693,0.003227909,0.00126749,0.0035012,0.0028011,0.00085845,-0.000100167,0.000770065
486.9889832,-0.000131015,0.012888346,0.003792367,0.003295068,0.012643411,-0.001729617,0.003296633,0.001351614,0.003468895,0.002953149,0.0009137,-0.000118904,0.000872586
486.0758362,-8.31E-05,0.013088117,0.004106306,0.003568975,0.01287184,-0.001733175,0.003408962,0.001351536,0.003733668,0.003031031,0.00108097,8.75E-06,0.000851758
485.0103149,-5.18E-08,0.01321443,0.004307934,0.00347367,0.013061387,-0.001523561,0.003662448,0.001350705,0.00398933,0.003110543,0.001255185,0.000277923,0.001076403
483.9445801,-7.12E-05,0.013370329,0.003740431,0.003454491,0.013254247,-0.001759576,0.003407449,0.001404564,0.003752494,0.003114637,0.000976039,-1.18E-05,0.000896994
483.0308838,-8.88E-05,0.013471916,0.003666599,0.003417311,0.013275891,-0.001654943,0.003505088,0.001552825,0.003851987,0.003183264,0.00115561,7.04E-05,0.0010688
481.9647217,-5.45E-05,0.013893738,0.003661534,0.003508063,0.013532774,-0.001697026,0.003666181,0.001438533,0.004022744,0.003285835,0.001192364,6.21E-05,0.000995653
481.0506897,-0.000113055,0.014027076,0.003745601,0.003513413,0.013605525,-0.001673355,0.00379409,0.001408563,0.004253297,0.003433852,0.001200748,0.000272095,0.001098202
479.9841003,-0.000161033,0.014438412,0.003887193,0.00370803,0.013748338,-0.001601353,0.003837153,0.001524431,0.0043237,0.003332108,0.00131521,0.000290486,0.001194155
479.0696716,-0.000154978,0.0145092,0.004382059,0.003907854,0.013925999,-0.00175081,0.003875414,0.001401967,0.004142422,0.003371055,0.001242179,0.000143561,0.001028424
478.002655,-0.000113418,0.014563564,0.00457513,0.003882152,0.013878103,-0.001629928,0.004024443,0.001445935,0.004314653,0.003518815,0.001369584,0.000171995,0.001198827
476.9354248,-0.0001026,0.014635739,0.004569191,0.00387194,0.013982082,-0.001645968,0.004023032,0.001463571,0.004367573,0.00357443,0.001356444,0.00024249,0.001207056
476.0204773,-6.86E-05,0.014602435,0.004598727,0.00377978,0.013980611,-0.001482493,0.00415204,0.001568932,0.004620808,0.003679756,0.001473415,0.000412974,0.001341228
474.9528198,-0.00017485,0.014880166,0.004612096,0.003864836,0.014350404,-0.001542237,0.004240566,0.001572673,0.004919167,0.003713878,0.001571504,0.000378151,0.001281484
474.0375061,-0.000122786,0.015209251,0.004504268,0.004148223,0.014613866,-0.001564677,0.004344093,0.001610267,0.005701317,0.003907174,0.001554565,0.00038709,0.001355094
472.9694214,-0.00013676,0.015348866,0.004361376,0.004044195,0.014733499,-0.0016929,0.004433836,0.00169282,0.006522716,0.004062041,0.001499753,0.000468193,0.001354782
472.0537415,-0.00019141,0.0153442,0.004332824,0.003972218,0.014701579,-0.001663762,0.004352747,0.001480376,0.007248191,0.003994972,0.001608215,0.000281316,0.001419263
470.98526,-4.33E-05,0.015613766,0.004303908,0.004187323,0.014966246,-0.001804639,0.004539188,0.001521417,0.007730197,0.003943143,0.001471363,0.000320638,0.001528353
470.0692444,-0.000159325,0.015906459,0.004374397,0.004293555,0.01505403,-0.001722346,0.004531706,0.001389917,0.007899534,0.004055039,0.001517521,0.000211618,0.001420094
469.0003357,-0.000315228,0.016221246,0.004516509,0.004324928,0.015395933,-0.001619406,0.004674445,0.001493753,0.007903541,0.004071657,0.001405109,0.000289968,0.001362806
467.9312134,-0.000133862,0.01653024,0.004314026,0.004410117,0.015377508,-0.001753749,0.004670311,0.001675747,0.007616192,0.004124939,0.001551655,0.000515903,0.001622921
467.0146484,-4.81E-06,0.016475495,0.004458838,0.004361559,0.015534936,-0.001797473,0.004617145,0.001661039,0.006789542,0.00422368,0.001428482,0.000321079,0.001338268
465.9450989,-0.000127289,0.016898792,0.004440609,0.004479708,0.015787119,-0.001722965,0.004680882,0.001636484,0.006197178,0.004198195,0.001465077,0.000389007,0.001556643
465.0281982,-7.06E-05,0.017080035,0.004404312,0.004593704,0.015903881,-0.001717757,0.004945218,0.00182566,0.005691193,0.004433104,0.001603382,0.00036227,0.001600004
463.958252,-1.51E-05,0.017121717,0.004637055,0.004569505,0.016226379,-0.001828458,0.004969934,0.001790465,0.005648365,0.004417858,0.001671537,0.000485633,0.00160863
463.0409851,-0.000124804,0.01747153,0.00481265,0.004858824,0.016435891,-0.001783139,0.005011359,0.001834005,0.005591147,0.004406038,0.001647215,0.000428469,0.001685986
461.9706421,-0.000121336,0.017726405,0.004869557,0.004967159,0.016839964,-0.001709248,0.005135632,0.001784044,0.00567383,0.004598675,0.001580934,0.000431578,0.001706412
461.053009,-0.000154149,0.017852427,0.005042758,0.004826444,0.016967157,-0.002074921,0.0050481,0.001576622,0.005587345,0.004287856,0.00147796,0.000247877,0.001569815
459.9822693,-2.45E-05,0.01783379,0.005100874,0.004920633,0.017158823,-0.001878669,0.005206047,0.001790101,0.005698773,0.004504922,0.001600758,0.000326079,0.001721433
459.0643005,-0.000145869,0.018079268,0.004786424,0.004961974,0.017306313,-0.001856967,0.005196642,0.001881345,0.005742313,0.004703883,0.00168505,0.000354653,0.001699239
457.9931335,-0.000145507,0.018262031,0.004842123,0.004996093,0.017672963,-0.001825983,0.00531908,0.001873364,0.006001705,0.00479815,0.001719978,0.000396754,0.001706204
457.0748291,-9.13E-05,0.018775966,0.005119496,0.005163031,0.018003767,-0.001960572,0.005467766,0.001809414,0.006166247,0.004931053,0.001758858,0.000459926,0.001710986
456.0032959,-0.000151614,0.01886747,0.004965588,0.005148964,0.018175242,-0.0019431,0.005655944,0.001894813,0.006204872,0.004920005,0.001924791,0.000534719,0.001954199
454.9315186,-5.18E-07,0.019011188,0.005012171,0.005203899,0.018144391,-0.001833871,0.005913369,0.002046778,0.00635331,0.005147995,0.00185072,0.000532568,0.001963352
454.0126953,-0.000117041,0.019238554,0.005021782,0.005303593,0.018303772,-0.001763494,0.005807055,0.001950533,0.006361006,0.005248621,0.001796443,0.000521579,0.001851006
452.9405212,-9.87E-05,0.019490596,0.005073949,0.005322224,0.018577317,-0.001909752,0.005818703,0.001770737,0.006314646,0.005036106,0.001637835,0.00032354,0.001769177
452.0213318,-7.93E-05,0.02006839,0.005372568,0.005591828,0.019031769,-0.001770662,0.006183262,0.002122547,0.006696393,0.005241835,0.001965796,0.00050507,0.002134357
450.948761,-0.000174333,0.020327723,0.0055606,0.005629641,0.019109938,-0.001866091,0.00621317,0.002131209,0.006968561,0.005378753,0.002038612,0.000585028,0.002169321
450.0292664,-5.99E-05,0.020606644,0.005523474,0.005614616,0.019148108,-0.001932121,0.006324864,0.002155038,0.007045535,0.005466534,0.002043735,0.000566107,0.002148561
448.9562988,-3.06E-05,0.020923367,0.005649493,0.005935727,0.019616401,-0.001875473,0.006587521,0.002167968,0.007381004,0.005669162,0.002241988,0.000828312,0.002237253
448.036438,-8.65E-05,0.020867983,0.00554264,0.005676558,0.019665394,-0.001949594,0.006506135,0.002206837,0.007392695,0.005690668,0.002101711,0.000710348,0.00230811
446.9631042,-0.00016626,0.021683689,0.005900564,0.005980158,0.020003928,-0.001958871,0.00678665,0.002230956,0.007568854,0.005746798,0.00215855,0.000683902,0.002336321
446.0429077,-9.64E-05,0.022010157,0.006177774,0.006287226,0.020305263,-0.001949955,0.006646475,0.002229525,0.007460711,0.00576697,0.002210687,0.000764153,0.002259422
444.9691467,-9.69E-05,0.022104988,0.006227245,0.006393396,0.020757699,-0.001969385,0.0067958,0.002270325,0.007521469,0.005823688,0.002192137,0.000758759,0.002247088
444.048645,-9.61E-05,0.022466581,0.006048951,0.006212566,0.020690391,-0.001912896,0.007056322,0.00237471,0.007776445,0.005970552,0.002265719,0.000798954,0.002355112
442.9744873,-8.34E-05,0.023070354,0.006156428,0.006363029,0.021218626,-0.001816136,0.007208789,0.002399932,0.007973668,0.006279032,0.002318155,0.000973886,0.002540722
442.0536499,-0.000128427,0.023694074,0.006305375,0.006483826,0.021538569,-0.001706721,0.007471667,0.002452515,0.008148718,0.006306084,0.002540383,0.001099629,0.002644235
440.979126,-3.90E-05,0.023947321,0.006152201,0.006355438,0.021732591,-0.001796338,0.007552497,0.002543326,0.008176941,0.006327569,0.002490263,0.0010086,0.002544471
440.0579224,-8.71E-05,0.024532586,0.006164304,0.006558008,0.022006016,-0.001945831,0.007481016,0.002587905,0.00826814,0.006484431,0.002409199,0.000998689,0.00258629
438.9830322,-4.04E-05,0.024776045,0.006007742,0.00655467,0.022093711,-0.001997936,0.007693861,0.002465036,0.008537098,0.006555301,0.002464646,0.000973263,0.002589441
438.0614929,-0.000346734,0.025395554,0.006514885,0.006758017,0.022747453,-0.002000203,0.007893998,0.002584337,0.008810818,0.006679595,0.002580822,0.001015113,0.002794717
436.9862061,-0.000150837,0.025702301,0.006390926,0.006738903,0.023008663,-0.001844543,0.008076717,0.002680073,0.008914383,0.00683285,0.002638218,0.001138143,0.002835388
436.0643616,-0.00019436,0.02626406,0.006650707,0.006959775,0.023289068,-0.001802216,0.008217671,0.002712345,0.009215311,0.007079844,0.002805998,0.001475545,0.00297585
434.988678,-7.82E-05,0.026666541,0.006731279,0.007198025,0.023653973,-0.001865421,0.008287216,0.002633452,0.00924297,0.007055901,0.002758349,0.001271566,0.003109579
434.0664978,-6.14E-05,0.026893187,0.006634594,0.007122103,0.023805626,-0.001865215,0.008516612,0.002724197,0.009490226,0.007275909,0.002906551,0.001398253,0.003216383
432.990448,-0.000148198,0.027314609,0.006880186,0.007361441,0.024303334,-0.001953408,0.008618628,0.002845237,0.00946205,0.007346408,0.002863789,0.00134289,0.003154164
432.0679626,-0.000241604,0.027762573,0.007064058,0.007422291,0.024621887,-0.00191336,0.008916523,0.002875672,0.00970615,0.007530055,0.003046437,0.00143578,0.003283253
430.9915161,-0.000139244,0.027888313,0.006939022,0.007658607,0.024950461,-0.001935987,0.008973839,0.002940483,0.009832118,0.007641193,0.003133018,0.001307681,0.003387308
430.0686951,-0.00018401,0.028318744,0.007021095,0.007636977,0.025625985,-0.001811135,0.009187495,0.002936678,0.010144546,0.007927398,0.003216148,0.001654309,0.00339336
428.9918823,-0.000130911,0.028579263,0.007161681,0.007841412,0.025710212,-0.001902948,0.009302231,0.002834163,0.010262503,0.007883586,0.003305163,0.00158096,0.00352132
428.0687256,-0.000155754,0.029075142,0.007495342,0.007885247,0.026347585,-0.001800669,0.009591387,0.003047167,0.010572748,0.008221681,0.003536456,0.001720601,0.003636761
426.9915466,2.25E-05,0.029540027,0.007616666,0.008110422,0.026973858,-0.001789584,0.009916487,0.003047923,0.010860814,0.008390788,0.003674117,0.001955083,0.003731502
426.0680542,-5.86E-05,0.02976219,0.007658528,0.008207014,0.027297933,-0.001808609,0.010105861,0.003172104,0.011022137,0.008579418,0.003669366,0.001922295,0.003824121
424.990509,-4.05E-05,0.029882465,0.00776282,0.008375429,0.027694475,-0.001839851,0.010365116,0.003223685,0.011228888,0.008762928,0.00384645,0.001964002,0.003938337
424.0667114,-6.14E-05,0.030343411,0.007953209,0.008463052,0.028030271,-0.001972529,0.010372089,0.003274672,0.011477333,0.008815705,0.003760301,0.001929523,0.003937344
422.9887695,-9.72E-05,0.03059379,0.008109735,0.008631302,0.028278599,-0.001939028,0.010509521,0.003317396,0.011695815,0.008956952,0.003937501,0.001817732,0.004008218
422.0646667,-2.48E-05,0.031103486,0.008114773,0.008698457,0.028830865,-0.001800205,0.010927146,0.003429991,0.012045861,0.009254605,0.004117648,0.002083035,0.004254029
420.9863586,-0.000130239,0.03174457,0.008161801,0.008801467,0.029171363,-0.00174684,0.011069056,0.0035018,0.01213886,0.009381446,0.004177548,0.002118541,0.00427055
420.0619507,-0.000142194,0.032372657,0.008302888,0.009105118,0.029633744,-0.001935523,0.011138287,0.003445855,0.012259224,0.009574556,0.004128075,0.00211542,0.00425531
418.9832458,-2.65E-05,0.032776374,0.008393374,0.00924884,0.030198172,-0.001810568,0.011432655,0.003498381,0.012539992,0.009775986,0.004227314,0.00222622,0.004376385
418.0585327,-0.000233273,0.033353429,0.008624331,0.00944287,0.030794345,-0.001783345,0.01168906,0.003499843,0.012815928,0.00986858,0.004261584,0.00223041,0.004559748
416.9794617,-3.98E-05,0.033650272,0.008515529,0.009339919,0.031202411,-0.001834799,0.011954026,0.00365245,0.013198659,0.010228924,0.004477197,0.002347174,0.004689229
416.0544128,-0.000198759,0.034316476,0.008764301,0.009555186,0.03159048,-0.001805155,0.012164283,0.003718421,0.013455015,0.010453805,0.004568354,0.00253278,0.00485249
414.9750061,-0.000286981,0.034910589,0.009119605,0.009844033,0.032340836,-0.001770816,0.012522487,0.003878966,0.013763969,0.010485414,0.004708515,0.00266356,0.004961268
414.0496521,-8.19E-05,0.035601094,0.009109348,0.010002833,0.032829303,-0.001728946,0.012819127,0.003941315,0.014073678,0.010805903,0.004758001,0.002771557,0.005111744
412.9698792,-7.90E-05,0.036023743,0.009293663,0.010181273,0.033325057,-0.001762721,0.013012359,0.003926922,0.014316746,0.011112765,0.004792653,0.002684527,0.005144774
412.0441895,-0.000205796,0.036524907,0.009583766,0.010508301,0.033836324,-0.001644576,0.013359677,0.004038787,0.01472667,0.011318604,0.004993841,0.002767545,0.005316276
410.9640808,-0.000263439,0.037201036,0.009575191,0.010715364,0.034276556,-0.001782984,0.013543536,0.004037219,0.014838834,0.011366883,0.0049559,0.002797297,0.005443388
410.0380859,-0.000133344,0.037949573,0.009836407,0.010844783,0.035265069,-0.001838356,0.013745453,0.004078477,0.015068127,0.011665581,0.005040244,0.002915516,0.005593323
408.9575806,-3.40E-05,0.038389646,0.009892573,0.011057477,0.035448216,-0.001833046,0.014069961,0.004093763,0.015484018,0.011798661,0.005184119,0.002976788,0.005662553
408.031311,-9.06E-06,0.03929371,0.010162697,0.011218395,0.036077719,-0.00189403,0.014383234,0.004206586,0.015827145,0.012139659,0.005250743,0.003194686,0.005773161
406.9504395,-4.30E-05,0.039716452,0.01023743,0.011359151,0.036435235,-0.001844646,0.014596384,0.004338472,0.016034935,0.012330698,0.005330322,0.003119981,0.005771561
406.0238342,-0.000144989,0.04051549,0.01069406,0.011564176,0.036932506,-0.001888566,0.014805487,0.004219158,0.016309258,0.012467845,0.005430937,0.003229266,0.005930374
404.942627,-0.000133396,0.041403778,0.010589034,0.011696666,0.037677784,-0.001759473,0.015290677,0.004430096,0.016837705,0.012804917,0.005617762,0.003350316,0.006188067
404.0157471,-1.80E-05,0.041954581,0.010646571,0.011828878,0.038205706,-0.001802113,0.015577757,0.004543896,0.017039193,0.01309364,0.005761199,0.003411336,0.006267976
402.9341736,-0.000169727,0.043063894,0.011057558,0.012056773,0.039184228,-0.001712136,0.015909949,0.004656391,0.017414296,0.013302715,0.005849006,0.003546869,0.006442182
402.006958,-0.000167657,0.043674,0.011271924,0.012444882,0.0398749,-0.001660358,0.016376186,0.004781765,0.017803853,0.013612282,0.006076986,0.003777665,0.006587679
400.9250488,-1.37E-05,0.044725679,0.011593605,0.01288272,0.04072028,-0.001649682,0.016733039,0.004804772,0.018172111,0.013877809,0.006132194,0.003775707,0.006722288
399.9975281,-4.34E-05,0.045465808,0.01150681,0.012854135,0.041577768,-0.00165912,0.017038682,0.004957052,0.018605631,0.01426533,0.006327936,0.003937605,0.006972612
399.0698853,-0.000141107,0.046170466,0.011690896,0.013102657,0.042123176,-0.001649115,0.017433291,0.005063709,0.018925412,0.014486718,0.006480437,0.004130766,0.007148654
397.9874573,-0.00023079,0.047091901,0.012070666,0.013549705,0.04303031,-0.00164045,0.017767688,0.005176994,0.019360092,0.014837709,0.006595064,0.004185885,0.007242742
397.0595093,-0.000114918,0.047742739,0.012073487,0.013668377,0.043468408,-0.001711465,0.018094191,0.005271468,0.019658433,0.015000784,0.006688481,0.004181912,0.007394037
395.9767456,-0.000149388,0.048529137,0.012360074,0.013776206,0.04399053,-0.001692952,0.018595446,0.005361193,0.020389901,0.015509879,0.006973454,0.004334759,0.007681134
395.0484924,-8.14E-05,0.049260736,0.012642877,0.014165134,0.044719823,-0.001641997,0.018913029,0.005335039,0.02048872,0.01562458,0.006993867,0.004421937,0.00780786
393.9653625,-0.000223442,0.049933102,0.012775671,0.014459955,0.045330077,-0.001689084,0.019166991,0.005626258,0.020768506,0.015930034,0.007060164,0.004477616,0.007941582
393.0368347,-8.43E-05,0.050882239,0.01305077,0.014632232,0.046286616,-0.001438996,0.019810677,0.005637692,0.021452701,0.016460197,0.00743572,0.004777159,0.00820741
391.9533691,-0.000123251,0.051738262,0.013396357,0.014960297,0.047045223,-0.001818147,0.019961616,0.005642176,0.021616183,0.016442856,0.007378108,0.004670102,0.008166285
391.0245361,1.68E-06,0.052501317,0.013356234,0.015403576,0.047892727,-0.001662988,0.020374166,0.005985538,0.022223813,0.016871369,0.007555052,0.004879112,0.008382554
389.9407043,-0.00020057,0.053487707,0.013794216,0.015569439,0.048911978,-0.001607182,0.020729732,0.005951893,0.0226977,0.017234771,0.007762267,0.005045796,0.008558007
389.0115967,-3.36E-05,0.054161377,0.014043304,0.015729221,0.049818903,-0.001678305,0.021319918,0.00602097,0.02299447,0.017563354,0.007983107,0.005121749,0.008753789
387.9274292,-5.40E-05,0.055324964,0.014286784,0.015992016,0.050784897,-0.00166763,0.021748619,0.006229162,0.023600617,0.018063914,0.008183457,0.005305742,0.009116247
386.9980164,-5.37E-05,0.056115177,0.014603933,0.016422208,0.051642418,-0.001561943,0.022306375,0.006408055,0.024012864,0.018412894,0.008319511,0.005342979,0.009243921
386.0684509,-0.00034363,0.05715913,0.014734624,0.016662184,0.052791666,-0.001647413,0.022690037,0.006554775,0.024521083,0.018834326,0.008586917,0.005563248,0.009406522
384.9837952,6.79E-05,0.058207165,0.014907116,0.016924819,0.053548642,-0.001500138,0.023031155,0.006562896,0.024987832,0.019046888,0.008614456,0.005623085,0.009578076
384.0539551,-5.70E-05,0.059305418,0.015147543,0.017218368,0.054423381,-0.001512314,0.023441168,0.006823778,0.025535928,0.019479902,0.008894461,0.005804195,0.009899352
382.9689636,-0.000177127,0.060272668,0.015511462,0.017580254,0.055493888,-0.001704916,0.023937419,0.006947492,0.025986429,0.019944839,0.0090679,0.005906862,0.009973325
382.0388489,3.05E-06,0.061707716,0.016103083,0.018100372,0.056638874,-0.001632094,0.024597369,0.006949202,0.026378281,0.020385126,0.009153047,0.006068244,0.010291448
380.9535217,3.49E-05,0.062831081,0.016236752,0.018204639,0.057350714,-0.001699811,0.02513241,0.00705356,0.026952237,0.020785233,0.009465225,0.006376006,0.010464731
380.0231018,-9.62E-05,0.064000942,0.016561944,0.018611306,0.058329929,-0.001558693,0.025494145,0.007478646,0.027478633,0.021235915,0.009465754,0.006262881,0.010638108
378.937439,1.08E-05,0.06522426,0.017012272,0.019153653,0.059420004,-0.001652209,0.025958069,0.007360362,0.027904848,0.021383788,0.009807467,0.006394999,0.010832894
378.0067444,0.000125177,0.06616319,0.017447224,0.019487049,0.060442336,-0.00164437,0.026595145,0.007523734,0.028817423,0.021928469,0.010163731,0.006701808,0.01116668
377.0758972,-0.000172315,0.067246474,0.017612008,0.019619353,0.061388414,-0.001819797,0.02678117,0.007622857,0.028793523,0.022243541,0.009980264,0.006450905,0.011222991
375.9897461,-0.000260076,0.068329498,0.017855097,0.020053644,0.062341403,-0.001802732,0.027296197,0.00769199,0.029590318,0.022748791,0.010474303,0.00666519,0.011270622
375.0586548,-0.000144213,0.069427408,0.018310495,0.020403005,0.06355723,-0.001669126,0.028001692,0.007924393,0.030123616,0.023242475,0.010568929,0.007233715,0.011602299
373.972168,-0.000188461,0.070741311,0.018733423,0.020957865,0.064654872,-0.001720438,0.028540781,0.008142098,0.030602373,0.023799993,0.01089224,0.007145944,0.012093023
373.0407715,-0.000189754,0.07207261,0.018907432,0.021204002,0.066013061,-0.001719407,0.028904151,0.008254025,0.031476133,0.02412365,0.010845288,0.007149286,0.012176556
371.9539795,-5.95E-05,0.07344982,0.019101039,0.021524968,0.067349873,-0.002171366,0.02911118,0.008097525,0.031991996,0.024462473,0.011033076,0.007163496,0.012154486
371.0222778,-8.52E-05,0.074860655,0.019855954,0.022343164,0.068788826,-0.001915679,0.030020414,0.008369227,0.032501023,0.024836451,0.01142439,0.007379319,0.012548652
369.9351807,-0.000253091,0.076215245,0.019999266,0.022587471,0.0698893,-0.001831603,0.030495171,0.008649153,0.03300165,0.025575792,0.011726744,0.007655815,0.012812248
369.0032043,-4.04E-05,0.077619076,0.020120716,0.023147233,0.071559981,-0.001917947,0.03130094,0.008960255,0.033653907,0.026028315,0.01194176,0.007780372,0.013182702
368.0711365,-0.000142971,0.079064041,0.020394703,0.023413273,0.072912015,-0.001838769,0.031982187,0.008973205,0.03450679,0.026671991,0.012322974,0.00802954,0.013640997
366.9835205,-0.000352889,0.080260865,0.02089088,0.023838058,0.073942676,-0.002042459,0.032565918,0.009038694,0.03509314,0.027059421,0.012544761,0.0081004,0.013679944
366.051178,-0.000125167,0.082001641,0.021199029,0.024238732,0.075080335,-0.002189859,0.03283944,0.009107603,0.035584826,0.027329607,0.012527629,0.008051638,0.013766695
364.9632568,-5.78E-05,0.082767762,0.021615257,0.024787309,0.07655827,-0.001944234,0.033615392,0.00939528,0.036372181,0.02821238,0.012742216,0.008391948,0.014280203
364.0306091,-0.000109898,0.084579304,0.022466771,0.025430629,0.077932857,-0.002235959,0.034093678,0.00934923,0.036886483,0.028416621,0.012978379,0.008263127,0.014076432
362.9423828,-0.000107413,0.086052068,0.022278907,0.02576627,0.0789648,-0.002104805,0.035019729,0.009660225,0.038066544,0.029010739,0.013412964,0.008687127,0.014657024
362.0094604,-0.00030783,0.087493241,0.022772523,0.0260906,0.080171183,-0.002268613,0.035495378,0.010276764,0.038776156,0.029928416,0.01409138,0.009084368,0.015330791
361.076416,-0.000127858,0.088853031,0.023331895,0.026637778,0.081439011,-0.002385661,0.035845272,0.009944746,0.038543478,0.029867491,0.013644309,0.008666,0.01493522
359.9877319,-0.000172832,0.090506822,0.023672588,0.027059283,0.082697667,-0.002381491,0.036837958,0.010087579,0.039591439,0.030640872,0.014045658,0.008930475,0.015503334
359.0544128,-8.95E-05,0.092360996,0.024050647,0.027600318,0.084339298,-0.002506179,0.037484776,0.010152045,0.040387601,0.031077571,0.01431458,0.009015621,0.015695697
357.9653931,-0.000209212,0.093958288,0.024365153,0.027908159,0.085505411,-0.002210463,0.038607754,0.01028074,0.041179821,0.031643491,0.014657292,0.009486469,0.016051454
357.0318298,-0.00016362,0.096116647,0.024897469,0.028823396,0.08746247,-0.002319082,0.038891394,0.010556914,0.041788392,0.032238252,0.014710282,0.009374515,0.016352935
355.9425049,-0.00016745,0.097795889,0.025411608,0.029005924,0.088703997,-0.002603763,0.039225366,0.010453089,0.042344108,0.032890283,0.015076918,0.009520998,0.016469983
355.0086365,-0.000272442,0.099583015,0.025876487,0.029622465,0.090507776,-0.002367022,0.040709194,0.011043325,0.043580778,0.033769529,0.015632551,0.010195876,0.017170323
354.0746765,-0.000182561,0.101299465,0.026403837,0.030105192,0.092014387,-0.002229315,0.041459791,0.011287147,0.044177368,0.034481201,0.016127907,0.010241168,0.017525969
352.9848938,-0.000276529,0.10283047,0.026662273,0.030456185,0.093432561,-0.002457533,0.042132843,0.011388833,0.044898104,0.034870815,0.016203808,0.010373441,0.017680647
352.0506592,-0.000166104,0.104461007,0.027337877,0.031018348,0.094833098,-0.002460879,0.042793229,0.011599507,0.045888532,0.035470717,0.016551834,0.010458685,0.017904783
350.9605713,-0.000199794,0.105961852,0.027943909,0.031657413,0.096351162,-0.002242191,0.043633498,0.012028589,0.046911132,0.036352675,0.017232373,0.011017543,0.018585179
350.026062,-0.000137381,0.107108161,0.027993659,0.032239005,0.097826168,-0.002523319,0.044340719,0.012173068,0.047771376,0.036973346,0.017527506,0.011144795,0.018766019
348.9356689,-4.50E-05,0.109085888,0.028588027,0.033159398,0.099750459,-0.002318155,0.045267556,0.012436464,0.048589032,0.037549119,0.017891133,0.011351445,0.01922443
348.0009155,-0.000207763,0.11109212,0.028957386,0.03328101,0.101434581,-0.002055341,0.046322271,0.012790601,0.049520027,0.038424313,0.01838929,0.011849494,0.019825146
347.06604,-0.000112486,0.11275699,0.029325314,0.033914544,0.102784053,-0.00221855,0.047240566,0.012857362,0.050510075,0.039189585,0.018673535,0.011818025,0.020005988
345.9751892,-9.34E-05,0.114539489,0.02983308,0.034434319,0.104108952,-0.00236177,0.047724105,0.012942294,0.051270012,0.039702017,0.01884168,0.011959773,0.020282045
345.0400391,-0.000113676,0.116352342,0.030295892,0.034826271,0.105706632,-0.002367898,0.048759524,0.013340191,0.052268468,0.040651258,0.019464551,0.01217967,0.020766607
343.9488831,-1.48E-05,0.118366905,0.030929139,0.035743572,0.107535504,-0.002591154,0.049174976,0.013502651,0.05280181,0.04112421,0.019459976,0.01215816,0.021075455
343.0134888,-0.000202278,0.120785564,0.031645831,0.036253389,0.109340303,-0.002562025,0.050357059,0.013749246,0.053848367,0.041993901,0.020237943,0.01264373,0.021590419
341.9220276,-0.000237568,0.122873917,0.032188013,0.037284829,0.110885233,-0.002422474,0.051388178,0.014031166,0.055023894,0.042815968,0.020618616,0.012871893,0.02194366
340.9863892,-0.000132671,0.124608591,0.032764204,0.03753769,0.112875812,-0.002333398,0.052278016,0.014206911,0.056000814,0.043573052,0.021072574,0.013151696,0.022492616
340.0505981,-0.000274925,0.126197755,0.033387616,0.038271796,0.114682593,-0.002363057,0.05341645,0.014534039,0.057086941,0.044577271,0.021501087,0.013431973,0.022692464
338.9587097,-0.000130394,0.128192619,0.034058709,0.039149612,0.116349466,-0.002509216,0.054123666,0.014721261,0.05786233,0.04518551,0.021805884,0.01353483,0.023021383
338.0226746,-0.000125477,0.130321443,0.034273028,0.039611798,0.118480712,-0.002393797,0.055185027,0.014972811,0.059000954,0.046020899,0.022335479,0.013962647,0.023501005
336.9305115,-0.000157203,0.132529289,0.035055056,0.040471472,0.120032005,-0.002199028,0.056232519,0.01533704,0.060125805,0.047287408,0.022833606,0.014130849,0.02416987
335.9942322,-6.08E-05,0.134563431,0.03572803,0.041010343,0.122293703,-0.002419231,0.057335678,0.015650529,0.061238527,0.048075207,0.023233354,0.014442158,0.024636736
335.0578308,-6.04E-05,0.136462152,0.036273085,0.04191136,0.124037772,-0.002461137,0.05835918,0.015893515,0.062347408,0.048819132,0.0235925,0.014643476,0.025141954
333.96521,-5.31E-05,0.138494864,0.036799189,0.042438064,0.125504449,-0.002415627,0.059103981,0.016067088,0.063200697,0.049496528,0.024106547,0.014806237,0.025444325
333.0285339,-0.00023524,0.140890598,0.037664797,0.043346971,0.127820969,-0.002420929,0.060113885,0.016331917,0.064204998,0.050523624,0.024400257,0.014926218,0.025707876
331.9356384,-0.000270321,0.143194154,0.038139369,0.044012159,0.129681408,-0.0024982,0.061413046,0.016687684,0.065675341,0.051454645,0.024872715,0.015452956,0.026276106
330.9987488,-0.000102496,0.145615891,0.038859714,0.044853728,0.131836236,-0.002360277,0.062468719,0.016991841,0.066895299,0.052540548,0.025331803,0.015743768,0.026875617
330.0617065,-1.04E-06,0.147530645,0.039152075,0.045264423,0.133299068,-0.002536599,0.063717932,0.01741028,0.067992494,0.053498454,0.025949495,0.01602822,0.027312459
328.9683838,-0.000239897,0.150136128,0.040051401,0.046255633,0.135786712,-0.002434778,0.064762041,0.017704995,0.069007434,0.054316033,0.026414977,0.016445812,0.027801925
328.0311279,-0.00013412,0.153851569,0.040863995,0.047198258,0.137748286,-0.002293024,0.066026077,0.017954312,0.07027413,0.055197552,0.02691902,0.01678222,0.028565966
326.9375,2.59E-05,0.15710634,0.041353378,0.047728151,0.139462039,-0.002499539,0.066803113,0.017999019,0.071545579,0.056124426,0.027095595,0.016759593,0.028706817
326,-9.11E-05,0.160736442,0.042234883,0.048697233,0.142007113,-0.00258539,0.06786409,0.018697318,0.072400816,0.05682731,0.027462032,0.016966026,0.029036365
325.0623779,-0.000108604,0.163822249,0.042933971,0.04944852,0.143693849,-0.002384992,0.0692899,0.019053189,0.074030831,0.058138441,0.028154651,0.017570956,0.030208163
323.9683228,-0.00028429,0.165899009,0.043733828,0.050264806,0.145520195,-0.002610401,0.070048079,0.019094601,0.074790969,0.058673445,0.028572628,0.017526994,0.030165568
323.0304565,-0.000192187,0.169125736,0.044360183,0.051456831,0.148720846,-0.002695408,0.071143761,0.01937606,0.075960673,0.05973186,0.028739145,0.01776812,0.03048387
321.9361572,-4.87E-05,0.171575472,0.045072753,0.052349206,0.150838777,-0.002504532,0.072835051,0.02011806,0.07755594,0.060980752,0.02947101,0.018442143,0.031418886
320.9980469,-0.000116782,0.174029395,0.046436764,0.053330071,0.153440177,-0.002623112,0.073773913,0.020250555,0.07895682,0.061987538,0.030016532,0.018648541,0.031756155
320.0598145,-5.20E-05,0.175337642,0.046710029,0.053869054,0.155172452,-0.002497428,0.075443618,0.02057687,0.080344073,0.063181683,0.030448411,0.018950801,0.032514803
318.9650879,-1.14E-05,0.177120701,0.047207233,0.054447997,0.157020345,-0.00277371,0.075934216,0.021065753,0.081200138,0.063941583,0.030559184,0.019188851,0.032765795
318.0266113,-0.000191462,0.179205522,0.048533075,0.05611565,0.160674676,-0.002797373,0.077552006,0.021458412,0.082981139,0.065228835,0.031177435,0.019515667,0.033523299
316.9316101,-3.79E-05,0.181003049,0.049371626,0.05703472,0.162966758,-0.002835745,0.079038359,0.021802129,0.08423464,0.066392571,0.031697396,0.019791549,0.034230005
315.9928894,-7.17E-05,0.183799669,0.05011031,0.058196537,0.165597618,-0.00269371,0.080665439,0.022257244,0.085998297,0.067613877,0.032465342,0.020411769,0.034816369
315.0541077,-0.000105809,0.18448481,0.051065687,0.058859833,0.167418644,-0.002854621,0.081849247,0.022760192,0.087384142,0.068917982,0.032889333,0.020514175,0.035366151
313.9586792,-0.000138623,0.186322972,0.051628366,0.059813906,0.169646248,-0.003093204,0.082197286,0.022721184,0.0878895,0.069238983,0.032875482,0.020736031,0.035565637
313.0196228,-0.000302967,0.190502033,0.053080074,0.061168101,0.172961325,-0.002647195,0.084503606,0.023694895,0.090371653,0.071240708,0.033681631,0.021327695,0.03666997
311.9239502,-0.000158859,0.193050131,0.053699531,0.0621971,0.175324008,-0.003031051,0.086008303,0.023985481,0.091524251,0.072522148,0.034348778,0.021652071,0.037290301
310.9846497,-7.37E-05,0.196412072,0.055069115,0.06360928,0.178375959,-0.002896331,0.08750046,0.024277739,0.093002677,0.07369943,0.034791917,0.022209456,0.037905846
310.0452576,-6.10E-05,0.198494583,0.05587117,0.064297825,0.180604681,-0.002881057,0.089216642,0.025055809,0.094764255,0.075034365,0.035566565,0.022782179,0.038839985
308.9491882,-0.000181164,0.200930268,0.056288857,0.065331087,0.183088809,-0.002933152,0.090763785,0.025308562,0.096120171,0.076186836,0.035994522,0.022944499,0.039386582
308.009552,-0.000168537,0.204529956,0.057430808,0.066861808,0.186396018,-0.003211264,0.091862217,0.025904046,0.097262003,0.077343449,0.036340602,0.023302833,0.040003061
307.0698242,-6.30E-05,0.207237959,0.058451749,0.067626521,0.189100236,-0.00321666,0.093830004,0.026267773,0.099608667,0.079187997,0.037221763,0.023887038,0.040970713
305.9733582,-8.81E-05,0.211226374,0.059969276,0.069545917,0.192466095,-0.003367566,0.095235765,0.026729358,0.100994155,0.080050431,0.037640829,0.024396395,0.041547403
305.0333862,-0.000304312,0.213218048,0.060672879,0.070860751,0.194758937,-0.003159716,0.097349644,0.027883759,0.103430331,0.082248114,0.038618051,0.025003709,0.042721961
303.9366455,-0.00014825,0.216157362,0.061996348,0.071549758,0.197496563,-0.003232487,0.098574162,0.028054155,0.104667693,0.083215661,0.039048437,0.025343712,0.043236636
302.99646,-2.40E-05,0.220147997,0.063434631,0.073187634,0.201045901,-0.003369826,0.100316562,0.028667243,0.106346391,0.084683359,0.039767344,0.02588528,0.0439329
302.0561523,1.08E-05,0.222381055,0.064432412,0.074097201,0.203423768,-0.003345989,0.102333874,0.029233407,0.108460859,0.086495221,0.04041411,0.026169553,0.044864722
300.9590149,-3.69E-05,0.226396725,0.065726206,0.076250076,0.207391173,-0.00304411,0.10445936,0.030003522,0.110256739,0.088197753,0.041288979,0.026896575,0.046080533
300.0184937,-0.000193946,0.22858344,0.066743739,0.07709869,0.20970276,-0.003518265,0.105723672,0.030152582,0.111728057,0.089269929,0.041530427,0.0270781,0.046461307
299.0778809,-0.000323971,0.232437462,0.068318807,0.078940272,0.213317797,-0.003233875,0.107815847,0.031267919,0.114357323,0.091397263,0.042548481,0.028086575,0.047753517
297.9803467,-0.00035232,0.236319572,0.069822446,0.080658086,0.217262015,-0.003466137,0.109906554,0.032065872,0.116141781,0.092987061,0.043380953,0.028615095,0.048792802
297.0394897,-0.000382426,0.239071801,0.070766814,0.08185184,0.220250115,-0.003572851,0.112051226,0.03265778,0.118380167,0.094944701,0.044344418,0.029355474,0.049912687
295.9417114,-0.000318229,0.24217695,0.072222345,0.083286613,0.223349124,-0.003154525,0.11387901,0.033454906,0.120114155,0.096677907,0.045385305,0.030019915,0.050817721
295.0006409,-0.000328058,0.245870546,0.073600888,0.08490067,0.226952642,-0.003452321,0.115916923,0.03418396,0.122365266,0.09810441,0.045994796,0.030449383,0.051794488
294.0594788,-0.000277823,0.249255925,0.075145394,0.086857215,0.231433108,-0.00359529,0.117520444,0.034329277,0.123230144,0.099611178,0.046316452,0.03086446,0.052186552
292.9613037,-0.000323558,0.253510922,0.07683488,0.088621065,0.236197099,-0.00353326,0.119791068,0.035690144,0.126140848,0.101627663,0.047621462,0.031436335,0.053759616
292.0198975,-0.000492176,0.256434143,0.07788308,0.089995004,0.239310533,-0.003340286,0.123171911,0.037137449,0.129488707,0.10478916,0.049336243,0.032963026,0.055861015
291.0784302,-0.00017247,0.261317909,0.079765357,0.092130028,0.244379729,-0.003137204,0.125634939,0.038205929,0.132034853,0.106747694,0.050506819,0.033777952,0.056974269
289.9798889,-0.000276478,0.264119744,0.080767035,0.093583584,0.247418717,-0.003465932,0.127625153,0.038867529,0.134065345,0.108450592,0.051468577,0.034250028,0.057867356
289.0381775,-0.000132102,0.268896937,0.08270403,0.095599018,0.251680285,-0.003346708,0.130320147,0.039742719,0.13702935,0.110698879,0.052996248,0.035300586,0.059247527
287.9393616,-0.000387185,0.273883224,0.085443988,0.098558933,0.256414115,-0.003301239,0.132576421,0.040658593,0.139048323,0.112600431,0.054248743,0.035925489,0.060288042
286.9974365,-0.000438028,0.27832967,0.086685218,0.10038349,0.26030907,-0.003183512,0.135818243,0.041704495,0.142304331,0.115296334,0.056204941,0.037205577,0.062129714
286.0554199,-0.000358062,0.282188326,0.088427685,0.102379121,0.263606191,-0.003482932,0.138307035,0.042841595,0.144422025,0.117415644,0.057466853,0.037487287,0.063271604
284.9562683,-0.000305451,0.285725415,0.089373939,0.103563577,0.2664074,-0.003055985,0.140200734,0.043817289,0.146868065,0.119164884,0.058772452,0.038387299,0.06445992
284.0140076,-0.000349579,0.29017666,0.091105439,0.105987094,0.269990623,-0.0031389,0.142512634,0.044741891,0.148756027,0.121095672,0.060042303,0.039118592,0.065808944
283.0716553,-8.68E-05,0.296329051,0.093857057,0.108581796,0.275244743,-0.003296872,0.146962464,0.045996409,0.153085694,0.124713622,0.062279165,0.040514864,0.067744114
281.9721375,-0.000439166,0.299365819,0.094684899,0.10936714,0.278270036,-0.003388474,0.148890108,0.046996098,0.15506497,0.126616657,0.063055955,0.041061383,0.068850547
281.0296021,-0.000216612,0.3042956,0.096556708,0.112076893,0.282434583,-0.003092844,0.150504828,0.04758469,0.1569691,0.128565475,0.063996837,0.041918658,0.069872364
279.9298096,-0.000163517,0.30911547,0.098612785,0.11395812,0.286095262,-0.003380203,0.15399605,0.048861597,0.160245314,0.13146843,0.065454498,0.042840164,0.071480297
278.9870605,-0.000391168,0.314681381,0.101353072,0.116316311,0.291488707,-0.003152777,0.156921506,0.050134484,0.162924185,0.133612081,0.066757835,0.043554164,0.072897814
278.0441895,-0.000249624,0.31916216,0.102697149,0.118679449,0.295554429,-0.002934746,0.160275087,0.051530886,0.166352838,0.136627451,0.068405129,0.044815097,0.074699678
276.9440613,-4.89E-05,0.323960394,0.104532428,0.120591536,0.299888998,-0.003012851,0.163106397,0.05263276,0.169012293,0.138686121,0.069485821,0.04598533,0.076045752
276.0010071,-7.57E-05,0.328519583,0.106600933,0.122711226,0.303759962,-0.002797784,0.165708229,0.053586066,0.171544731,0.141177505,0.07070256,0.046633445,0.07736934
275.0578308,-0.000315073,0.332487941,0.108206458,0.12488959,0.307907224,-0.003157249,0.168700114,0.055205312,0.174629077,0.143990621,0.071753085,0.047628973,0.078882717
273.9573364,-0.000211126,0.338130295,0.110585332,0.127269819,0.312667161,-0.003254224,0.170905888,0.055528332,0.177263945,0.146074534,0.072344303,0.048033684,0.080214374
273.0139771,-7.93E-05,0.343042254,0.112688974,0.129832625,0.31778118,-0.002904405,0.17431961,0.056710076,0.180360049,0.148612544,0.073490441,0.049186427,0.081595033
272.0704956,-0.000162533,0.347951949,0.115066171,0.132197008,0.321858853,-0.002761004,0.17823945,0.058501001,0.184264675,0.152021855,0.075359799,0.050709192,0.083711259
270.9696655,-0.000461147,0.350258648,0.11594332,0.132935152,0.324489474,-0.003409329,0.179985568,0.05913569,0.185635015,0.153709188,0.075562172,0.051003326,0.084171288
270.026001,-0.000212524,0.356343776,0.118093729,0.135643765,0.329296827,-0.003250884,0.182720721,0.060049437,0.187920436,0.155559972,0.076156847,0.051978964,0.08545962
268.9249268,2.30E-05,0.361557514,0.119947478,0.13775824,0.333503604,-0.003134325,0.186072841,0.061350252,0.191785887,0.158643439,0.077406645,0.052820843,0.087127618
267.9810791,-0.000251694,0.366612852,0.122031622,0.139984623,0.338433296,-0.00297542,0.188407332,0.062334321,0.194175914,0.160926133,0.078178085,0.053695723,0.088481948
267.0371094,-0.000150268,0.370194197,0.12340802,0.141602114,0.341962278,-0.00298956,0.190850452,0.063003726,0.196909085,0.163065165,0.079118699,0.054595564,0.089804955
265.9356995,-0.00021449,0.375305295,0.125681892,0.143686906,0.346676886,-0.003337769,0.193326503,0.064219162,0.199339435,0.165312499,0.079688504,0.055038616,0.09059231
264.9915161,-0.000374822,0.379374713,0.127171382,0.1458496,0.350647569,-0.003087189,0.196243972,0.065334432,0.20205155,0.167858779,0.080828957,0.0562093,0.092322253
264.0472717,-0.000395875,0.383823156,0.128693923,0.147520468,0.354820162,-0.003009149,0.1990242,0.066257827,0.205058232,0.170617655,0.081970625,0.057237118,0.093707584
262.9454956,-0.000324282,0.387709916,0.130244792,0.148869917,0.358656883,-0.002816559,0.201732576,0.067197397,0.207630262,0.172878563,0.08291252,0.058144774,0.09517356
262.0010376,-0.000184993,0.390944153,0.131282732,0.150578529,0.362010986,-0.002931712,0.20344615,0.067785807,0.209631786,0.174483866,0.083931096,0.058619134,0.096355915
261.0565186,-0.000164034,0.394893915,0.132969782,0.152328253,0.365452945,-0.002476426,0.206948921,0.069036745,0.213128388,0.177602843,0.085143127,0.059817858,0.097828314
259.9544067,-0.000277512,0.398153424,0.133830398,0.153271854,0.367987931,-0.003148049,0.207673281,0.069266252,0.213842854,0.178309172,0.084973134,0.059587825,0.09774252
259.0096741,-0.000315228,0.401920289,0.135496318,0.155130446,0.371513724,-0.003386367,0.209286243,0.070169546,0.215660855,0.179998383,0.085581034,0.060096674,0.098765686
258.0648499,-0.00026613,0.404261857,0.135946095,0.155717403,0.37374413,-0.002924461,0.211927667,0.071245991,0.218571112,0.182699561,0.086913712,0.061578058,0.10045819
256.9624329,-0.0002816,0.40849933,0.137429282,0.157509878,0.377347708,-0.003155142,0.212839171,0.071357787,0.219688326,0.183711857,0.08683309,0.061720993,0.100728229
256.017395,-0.000180543,0.411411673,0.138613209,0.15880318,0.380298615,-0.002881931,0.214640662,0.07189168,0.221570283,0.185263455,0.087896094,0.062124874,0.101674803
255.0722809,-0.000394013,0.414621651,0.139754504,0.159843162,0.383231819,-0.002813679,0.216954932,0.072984986,0.223947972,0.187387914,0.089042187,0.063000858,0.103048094
253.9695282,-0.000475627,0.418470234,0.141028121,0.161261365,0.386452556,-0.003037632,0.218656153,0.073356301,0.225842908,0.18884781,0.089687444,0.063502364,0.103768095
253.024231,-0.000305916,0.423253238,0.142575562,0.162782982,0.389815033,-0.002714187,0.220077351,0.073802471,0.227702335,0.189916119,0.090614982,0.06402383,0.104747519
251.9212494,-0.000418685,0.424639821,0.141917303,0.162863061,0.391010582,-0.002929552,0.222094894,0.074650124,0.229494885,0.192087442,0.091384359,0.064643905,0.106007211
250.9757538,-0.000387237,0.429134488,0.143918604,0.164000988,0.394253612,-0.003250627,0.223669827,0.075186543,0.230913773,0.193516016,0.091995448,0.065118298,0.106646627
250.0301819,-0.000381392,0.434607238,0.146070153,0.166656032,0.399161786,-0.002996604,0.225292891,0.075786129,0.23283504,0.194987968,0.093029328,0.06572298,0.107436933
248.9332886,-0.000238293,0.43803373,0.147169083,0.167681232,0.401705116,-0.002910834,0.227490351,0.076494172,0.235685259,0.197118387,0.094415471,0.066574909,0.109081462
247.9931488,-0.000287291,0.441868514,0.148909256,0.169410422,0.405513108,-0.002586677,0.230033115,0.077538453,0.238022625,0.19936356,0.095904239,0.067477368,0.110657662
247.0529327,-0.000374098,0.441324949,0.148313269,0.169342712,0.406126231,-0.002978968,0.23115176,0.077882588,0.239253908,0.200602755,0.096581444,0.067679428,0.110937432
245.9559174,-0.000338301,0.446627319,0.15081805,0.171715409,0.411705613,-0.002911194,0.232592925,0.078335203,0.2406248,0.201962903,0.097528957,0.068168901,0.111394748
245.0155182,-0.000475369,0.450961083,0.152495921,0.173787013,0.416453689,-0.002944362,0.235210449,0.079404131,0.24348329,0.20435898,0.099513739,0.069014378,0.113137826
244.0750275,-0.000517721,0.454627335,0.153962508,0.175703719,0.420775533,-0.00244837,0.238855794,0.080628477,0.247495517,0.207587853,0.10222213,0.070482098,0.115403421
242.9776917,-0.000177438,0.458261699,0.155238986,0.177067146,0.424612522,-0.002241264,0.241088152,0.081354491,0.249742106,0.209130809,0.104020238,0.071038298,0.116312183
242.0370178,-0.000455923,0.461547881,0.156823546,0.178742245,0.428538978,-0.002520025,0.24280411,0.082192212,0.251712501,0.211002871,0.105539456,0.071387775,0.117339768
240.9394684,-0.000561931,0.465712726,0.158311263,0.180068284,0.432597131,-0.002613798,0.245809406,0.083327509,0.254717857,0.213857114,0.108020917,0.072502479,0.119182289
239.9986267,-0.000433374,0.472776204,0.161164522,0.183547184,0.439292461,-0.002823555,0.248102546,0.084007509,0.2567873,0.215597734,0.110271521,0.073183626,0.120269351
239.0576935,-0.0004703,0.478524,0.163371861,0.186167404,0.44509697,-0.002573553,0.252345979,0.085625105,0.26158607,0.219619855,0.114673525,0.074911252,0.122789897
237.9598389,-0.000440666,0.485489875,0.165809095,0.189109519,0.45153597,-0.002103002,0.256196737,0.0872958,0.26571849,0.222894579,0.119106755,0.076505408,0.125070676
237.0187378,-0.000472007,0.491383374,0.168157592,0.191509888,0.457236588,-0.001880679,0.260043293,0.088956527,0.269552946,0.226145104,0.124091677,0.077994153,0.127706498
236.0775452,-0.000492331,0.497917473,0.170937166,0.194373578,0.463508338,-0.001839645,0.263763189,0.090419084,0.273543119,0.229378372,0.129157275,0.079161964,0.129671887
234.9793854,-0.000580648,0.505218744,0.173630536,0.197274104,0.470291674,-0.001458088,0.267306954,0.091851823,0.277345002,0.232495964,0.135197982,0.080498405,0.131796986
234.0380249,-0.000571083,0.511470914,0.176620767,0.200304061,0.476238459,-0.001304968,0.271666139,0.093376808,0.28194356,0.235996082,0.143234178,0.081951149,0.134095341
232.9396667,-0.000644962,0.518626928,0.179446489,0.20301798,0.483652562,-0.001159024,0.275550157,0.094577134,0.285797924,0.239054069,0.152369693,0.082787588,0.136235133
231.9981232,-0.000465336,0.526502013,0.182581529,0.206524909,0.490918279,-0.000585715,0.280581504,0.096739352,0.291624248,0.243320435,0.163202956,0.084899887,0.139580831
231.0565033,-0.000584216,0.532328188,0.184949681,0.20899491,0.496682018,-0.000299811,0.283944517,0.097830258,0.294807345,0.246101424,0.17105037,0.085757002,0.141231075
229.9578552,-0.000642377,0.541663826,0.188598007,0.21302709,0.505552709,0.000355793,0.289314508,0.099836908,0.300316185,0.250414997,0.18403849,0.087663248,0.144399151
